Age,Rack,Repetition,Replicate,Predicted_bin,Nuclear,Mito,Diet,Track_ID,Time,x,y
old,16,1,,,,,,2300,2,24.153540854831604,30.861358144608154
old,16,1,,,,,,2300,3,24.24562693443893,30.813179001302462
old,16,1,,,,,,2300,4,24.24898689358827,30.71177326514132
old,16,1,,,,,,2300,5,24.22114368065395,30.645260048118267
old,16,1,,,,,,2300,6,24.22170252978344,30.597586561011575
old,16,1,,,,,,2300,7,24.20748330662046,30.562959870181533
old,16,1,,,,,,2300,8,24.192520406416094,30.532089463078684
old,16,1,,,,,,2300,9,24.18180121898722,30.489914607442767
old,16,1,,,,,,2300,10,24.15890917387146,30.447398418288074
old,16,1,,,,,,2300,11,24.15401715827108,30.415754712208905
old,16,1,,,,,,2300,12,24.129333320054506,30.39607119813756
old,16,1,,,,,,2300,13,24.09709777961611,30.370449403066043
old,16,1,,,,,,2300,14,24.080246901871803,30.33049924720242
old,16,1,,,,,,2300,15,24.04191611702638,30.30532300459236
old,16,1,,,,,,2300,16,24.013113599473233,30.26476713214772
old,16,1,,,,,,2300,17,24.013303066643463,30.235461659920148
old,16,1,,,,,,2300,18,23.96807582315817,30.179006450357303
old,16,1,,,,,,2300,19,23.94413882116085,30.144903940793796
old,16,1,,,,,,2300,20,23.927150495674088,30.111137019545
old,16,1,,,,,,2300,21,23.904483698386322,30.065021206071368
old,16,1,,,,,,2300,22,23.913181783589035,30.01202061579797
old,16,1,,,,,,2300,23,23.904861384787868,29.965592851550774
old,16,1,,,,,,2300,24,23.921521145440746,29.9213045350728
old,16,1,,,,,,2300,25,23.89838627946358,29.860563025290453
old,16,1,,,,,,2300,26,23.89249632856623,29.789717139251866
old,16,1,,,,,,2300,27,23.892004610805472,29.726703625863326
old,16,1,,,,,,2300,28,23.87963677449529,29.671426181599866
old,16,1,,,,,,2300,29,23.900830398792426,29.603338234070108
old,16,1,,,,,,2300,30,23.89733579513052,29.553209893091292
old,16,1,,,,,,2300,31,23.929617018143038,29.4964568791607
old,16,1,,,,,,2300,32,23.9325043150484,29.421811148119897
old,16,1,,,,,,2301,2,23.084958349014155,30.598291889052643
old,16,1,,,,,,2301,3,23.06149916767449,30.56867541003825
old,16,1,,,,,,2301,4,23.043404543144234,30.54363611956155
old,16,1,,,,,,2301,5,23.02627184345858,30.522477008691638
old,16,1,,,,,,2301,6,23.01258882019111,30.50867560420379
old,16,1,,,,,,2301,7,22.97341365221554,30.447507229233167
old,16,1,,,,,,2301,8,22.965437954992584,30.421109102849925
old,16,1,,,,,,2301,9,22.978457167553934,30.423649798024712
old,16,1,,,,,,2301,10,22.988978317927785,30.410548107079837
old,16,1,,,,,,2301,11,22.98996601774452,30.391513545740835
old,16,1,,,,,,2301,12,22.989305421886755,30.359928793865024
old,16,1,,,,,,2301,13,22.986352549521417,30.32184643338092
old,16,1,,,,,,2301,14,22.968232577085583,30.28022266015385
old,16,1,,,,,,2301,15,22.945469999746255,30.258355644912548
old,16,1,,,,,,2301,16,22.949945671355486,30.229528162541147
old,16,1,,,,,,2301,17,22.96867687535835,30.214426546860153
old,16,1,,,,,,2301,18,22.97402196528904,30.201178878285855
old,16,1,,,,,,2301,19,22.973937522870695,30.167738717906033
old,16,1,,,,,,2301,20,22.968409378871627,30.14924549553352
old,16,1,,,,,,2301,21,22.969877259334808,30.11926666626281
old,16,1,,,,,,2301,22,22.981604743448404,30.094865276117392
old,16,1,,,,,,2301,23,22.967654969221396,30.055354331691554
old,16,1,,,,,,2301,24,22.9682614987183,30.018765145653244
old,16,1,,,,,,2301,25,22.975864477105304,29.981676219931614
old,16,1,,,,,,2301,26,22.959822054234927,29.935211792640004
old,16,1,,,,,,2301,27,22.957000770051422,29.906117549248332
old,16,1,,,,,,2301,28,22.96111417375373,29.88801202206577
old,16,1,,,,,,2301,29,22.968548603783393,29.855586346516
old,16,1,,,,,,2301,30,22.938025576425982,29.828574863282384
old,16,1,,,,,,2301,31,22.948662441611358,29.783667252884353
old,16,1,,,,,,2301,32,22.962627538419536,29.760124753148197
old,16,1,,,,,,2302,2,17.120326749483375,30.72304090093674
old,16,1,,,,,,2302,3,17.129737627196644,30.68087057667271
old,16,1,,,,,,2302,4,17.119659115129163,30.65972307113655
old,16,1,,,,,,2302,5,17.13182124446717,30.635502655919915
old,16,1,,,,,,2302,6,17.114585319845528,30.587392039772134
old,16,1,,,,,,2302,7,17.124406661011296,30.560651701855164
old,16,1,,,,,,2302,8,17.101240317351504,30.559176664285015
old,16,1,,,,,,2302,9,17.091603919873,30.51690468760584
old,16,1,,,,,,2302,10,17.09427953641082,30.46814240237609
old,16,1,,,,,,2302,11,17.08796052304914,30.457148201771783
old,16,1,,,,,,2302,12,17.09256135424243,30.395819149971086
old,16,1,,,,,,2302,13,17.08853211942724,30.300269947121002
old,16,1,,,,,,2302,14,17.075396957772444,30.286678242078608
old,16,1,,,,,,2302,15,17.082744861603498,30.227349386156718
old,16,1,,,,,,2302,16,17.090715273356743,30.17204835134266
old,16,1,,,,,,2302,17,17.064587704587996,30.132151036458485
old,16,1,,,,,,2302,18,17.04612025855344,30.08137202637466
old,16,1,,,,,,2302,19,17.04888804091366,30.037402349401706
old,16,1,,,,,,2302,20,17.043130663412654,29.98724490264776
old,16,1,,,,,,2302,21,17.035134962244047,29.92674695934189
old,16,1,,,,,,2302,22,17.073008045080197,29.882269378373245
old,16,1,,,,,,2302,23,17.053171084191643,29.835760606301033
old,16,1,,,,,,2302,24,17.04674889839333,29.765880292639405
old,16,1,,,,,,2302,25,17.06313474655442,29.721225488572497
old,16,1,,,,,,2302,26,17.049052970873216,29.638473694306875
old,16,1,,,,,,2302,27,17.042778800975576,29.60393059178298
old,16,1,,,,,,2302,28,17.048582721375347,29.54953990435393
old,16,1,,,,,,2302,29,17.044977618472622,29.49052952933487
old,16,1,,,,,,2302,30,17.06529130975599,29.442744942699
old,16,1,,,,,,2302,31,17.06410502404522,29.401296132991554
old,16,1,,,,,,2302,32,17.06166141622188,29.35306413642712
old,16,1,,,,,,2303,2,3.7047132172342825,2.3218856279373976
old,16,1,,,,,,2303,3,3.703945006745438,2.29895948871716
old,16,1,,,,,,2303,4,3.707565570610742,2.2191515254886416
old,16,1,,,,,,2303,5,3.706809752139337,2.002151143920414
old,16,1,,,,,,2303,6,3.7098723383870995,1.989130493658062
old,16,1,,,,,,2303,7,3.7170534774336885,2.078320137322386
old,16,1,,,,,,2303,10,3.7014117192086857,1.5691596821812397
old,16,1,,,,,,2303,11,3.7179279154461935,1.5224551709978775
old,16,1,,,,,,2303,12,3.730675823178324,1.3757359959160131
old,16,1,,,,,,2304,2,11.735015903163704,30.028828732833784
old,16,1,,,,,,2304,3,11.723906278440683,29.954758565840965
old,16,1,,,,,,2304,4,11.73343177886326,29.88438443917237
old,16,1,,,,,,2304,5,11.717051551705241,29.800523791235058
old,16,1,,,,,,2304,6,11.728129638775663,29.730109829461412
old,16,1,,,,,,2304,7,11.72390150579173,29.651599790761196
old,16,1,,,,,,2304,8,11.735042360986544,29.574507194321757
old,16,1,,,,,,2304,9,11.73483524516392,29.50169090857106
old,16,1,,,,,,2304,10,11.746087248072104,29.412073477960202
old,16,1,,,,,,2304,11,11.737355136652717,29.350819406207954
old,16,1,,,,,,2304,12,11.758189023190928,29.26152723236546
old,16,1,,,,,,2304,13,11.752667761833797,29.16407738578356
old,16,1,,,,,,2304,14,11.772733992082431,29.090616694041202
old,16,1,,,,,,2304,15,11.782531288657756,28.999927343608896
old,16,1,,,,,,2304,16,11.792842415596915,28.929859497067376
old,16,1,,,,,,2304,17,11.790507730706333,28.86341621202489
old,16,1,,,,,,2304,18,11.81907180308677,28.796966095306864
old,16,1,,,,,,2304,19,11.818381749333074,28.725091858261727
old,16,1,,,,,,2304,20,11.828243043529593,28.651712223152273
old,16,1,,,,,,2304,21,11.835736636896227,28.589958275756825
old,16,1,,,,,,2304,22,11.843417065118068,28.50394268133563
old,16,1,,,,,,2304,23,11.868858058311023,28.409647749916882
old,16,1,,,,,,2304,24,11.868017153999764,28.317719732882992
old,16,1,,,,,,2304,25,11.910293605511635,28.21987614059069
old,16,1,,,,,,2304,26,11.922743747544251,28.119637740203284
old,16,1,,,,,,2304,27,11.919870789804827,28.051832498746563
old,16,1,,,,,,2304,28,11.896441599458498,27.992609513304213
old,16,1,,,,,,2305,2,13.821012524908797,29.981045958374253
old,16,1,,,,,,2305,3,13.819783776249162,29.973377464501752
old,16,1,,,,,,2305,4,13.809519330162605,29.954326758837592
old,16,1,,,,,,2305,5,13.802134095299929,29.956798832939846
old,16,1,,,,,,2305,6,13.807416627923214,29.909073771035473
old,16,1,,,,,,2305,7,13.80492044072867,29.88128106847644
old,16,1,,,,,,2305,8,13.80834160363254,29.871249348877953
old,16,1,,,,,,2305,9,13.787760464180888,29.839015610909694
old,16,1,,,,,,2305,10,13.771935639065084,29.801705697479797
old,16,1,,,,,,2305,11,13.767481812230617,29.77154139666687
old,16,1,,,,,,2305,12,13.7833882868764,29.761051211552896
old,16,1,,,,,,2305,13,13.783815928733109,29.744331595126397
old,16,1,,,,,,2305,14,13.772065269471044,29.70174371141502
old,16,1,,,,,,2305,15,13.769252409512589,29.6704097066848
old,16,1,,,,,,2305,16,13.752429049129129,29.642244187357576
old,16,1,,,,,,2305,17,13.736775767618232,29.622415579167896
old,16,1,,,,,,2305,18,13.751156710279844,29.588064923431702
old,16,1,,,,,,2305,19,13.734368720424063,29.54483820274491
old,16,1,,,,,,2305,20,13.727205119516004,29.523164609895858
old,16,1,,,,,,2305,21,13.715175541794412,29.463655454553187
old,16,1,,,,,,2305,22,13.723208059414993,29.42670538473885
old,16,1,,,,,,2305,23,13.719719659271986,29.38219191586236
old,16,1,,,,,,2305,24,13.71486340733244,29.362232723110896
old,16,1,,,,,,2305,25,13.699219536079966,29.328823904925255
old,16,1,,,,,,2305,26,13.6948326707313,29.310105403110267
old,16,1,,,,,,2305,27,13.686103882315553,29.28690280987607
old,16,1,,,,,,2305,28,13.684824290355358,29.235981090113746
old,16,1,,,,,,2305,29,13.682166515137755,29.198550861013302
old,16,1,,,,,,2305,30,13.674781607511951,29.186395162775277
old,16,1,,,,,,2305,31,13.677278281733248,29.17147863681715
old,16,1,,,,,,2305,32,13.66665314214348,29.164986519178143
old,16,1,,,,,,2306,2,25.707487562181075,30.150431789068264
old,16,1,,,,,,2306,3,25.728410710780597,30.10866908425276
old,16,1,,,,,,2306,4,25.721604378370273,30.062303110667948
old,16,1,,,,,,2306,5,25.72874561924933,29.999858982260786
old,16,1,,,,,,2306,6,25.744287810376708,29.953685579808358
old,16,1,,,,,,2306,7,25.775180483481666,29.914021715574556
old,16,1,,,,,,2306,8,25.749966040572357,29.824559330423916
old,16,1,,,,,,2306,9,25.760248886781635,29.784326940880252
old,16,1,,,,,,2306,10,25.753688048169895,29.698962604007296
old,16,1,,,,,,2306,11,25.767182072500727,29.659067634671988
old,16,1,,,,,,2306,12,25.771191286047667,29.597984034485624
old,16,1,,,,,,2306,13,25.77458027718059,29.51744084476824
old,16,1,,,,,,2306,14,25.784839667151395,29.481205319055363
old,16,1,,,,,,2306,15,25.771041679432983,29.42360295080539
old,16,1,,,,,,2306,16,25.76640560057729,29.35824249357722
old,16,1,,,,,,2306,17,25.77267805851104,29.30382846161692
old,16,1,,,,,,2306,18,25.77031320520705,29.25799494415912
old,16,1,,,,,,2306,19,25.783130181322214,29.19024630279025
old,16,1,,,,,,2306,20,25.791544003232506,29.14536093419831
old,16,1,,,,,,2306,21,25.789896834724008,29.104766334971544
old,16,1,,,,,,2306,22,25.80553842596939,29.044667519398125
old,16,1,,,,,,2306,23,25.817158898985888,29.002078826610216
old,16,1,,,,,,2306,24,25.811294484485504,28.942993518351905
old,16,1,,,,,,2306,25,25.826507703791954,28.893186042597648
old,16,1,,,,,,2306,26,25.83576425179134,28.83758266173983
old,16,1,,,,,,2306,27,25.84192298950876,28.76747621306161
old,16,1,,,,,,2306,28,25.8566988308814,28.723637241335044
old,16,1,,,,,,2306,29,25.848946071310255,28.673654917741896
old,16,1,,,,,,2306,30,25.852840179602286,28.600776158806447
old,16,1,,,,,,2306,31,25.85992603106044,28.557083845664522
old,16,1,,,,,,2306,32,25.840549045567418,28.49277610093951
old,16,1,,,,,,2307,2,15.82367379887611,30.262825456605082
old,16,1,,,,,,2307,3,15.817876369207728,30.205780572065887
old,16,1,,,,,,2307,4,15.794454724873368,30.14967254247193
old,16,1,,,,,,2307,5,15.797667327580736,30.086941539639767
old,16,1,,,,,,2307,6,15.758850101818329,30.025717237459578
old,16,1,,,,,,2307,7,15.757333790664617,29.960628235048656
old,16,1,,,,,,2307,8,15.74582185382589,29.914377239144557
old,16,1,,,,,,2307,9,15.749272259681481,29.84446900516438
old,16,1,,,,,,2307,10,15.736147931109702,29.78463608760376
old,16,1,,,,,,2307,11,15.720731931971116,29.734103502805095
old,16,1,,,,,,2307,12,15.72143405053842,29.671004500038727
old,16,1,,,,,,2307,13,15.700950996910564,29.616800812606584
old,16,1,,,,,,2307,14,15.697903243775881,29.547666500482272
old,16,1,,,,,,2307,15,15.694166999008077,29.50188176292304
old,16,1,,,,,,2307,16,15.695328527847227,29.462048647484135
old,16,1,,,,,,2307,17,15.705341187692392,29.408430405578763
old,16,1,,,,,,2307,18,15.701387899675584,29.341229471926894
old,16,1,,,,,,2307,19,15.709065610300893,29.304763265563906
old,16,1,,,,,,2307,20,15.708267496182826,29.253933628145163
old,16,1,,,,,,2307,21,15.705988696254979,29.195784379039583
old,16,1,,,,,,2307,22,15.705579957113953,29.13756759254355
old,16,1,,,,,,2307,23,15.695850235807704,29.073238791893303
old,16,1,,,,,,2307,24,15.686359324823014,29.010261177764313
old,16,1,,,,,,2307,25,15.684617434706857,28.955185381263643
old,16,1,,,,,,2307,26,15.666251834902265,28.903376151141586
old,16,1,,,,,,2307,27,15.667134985312394,28.82475966005356
old,16,1,,,,,,2307,28,15.664622101185651,28.767758646916313
old,16,1,,,,,,2307,29,15.663904663391142,28.701175603663906
old,16,1,,,,,,2307,30,15.664216176207457,28.64311697020696
old,16,1,,,,,,2307,31,15.66874928569895,28.590682630173042
old,16,1,,,,,,2307,32,15.666188156943223,28.54724890461508
old,16,1,,,,,,2308,2,4.949786375543082,29.291998783272582
old,16,1,,,,,,2308,3,4.939046337283819,29.26557125143404
old,16,1,,,,,,2308,4,4.91586118300118,29.181576820726068
old,16,1,,,,,,2308,5,4.897103100325557,29.120997656720867
old,16,1,,,,,,2308,6,4.883269812778862,29.063205362498266
old,16,1,,,,,,2308,7,4.8695609678212035,28.976954515175937
old,16,1,,,,,,2308,8,4.867722925978283,28.910949520152514
old,16,1,,,,,,2308,9,4.848319986405038,28.839671270136567
old,16,1,,,,,,2308,10,4.838897789293392,28.76690161512376
old,16,1,,,,,,2308,11,4.819231888952101,28.688526768818065
old,16,1,,,,,,2308,12,4.833314236148247,28.622653910332897
old,16,1,,,,,,2308,13,4.837866257423237,28.561715046498115
old,16,1,,,,,,2308,14,4.846077324139367,28.523257473952846
old,16,1,,,,,,2308,17,4.859288214994945,28.297086694776837
old,16,1,,,,,,2308,18,4.840621985419102,28.189409461290747
old,16,1,,,,,,2308,19,4.852759644150356,28.122617888999574
old,16,1,,,,,,2308,20,4.85502630843203,28.031224893897438
old,16,1,,,,,,2308,21,4.869254105914772,27.995270387528667
old,16,1,,,,,,2308,22,4.906800091266632,27.974400520324707
old,16,1,,,,,,2309,2,12.125882556149078,29.268471727522808
old,16,1,,,,,,2309,3,12.125616354524825,29.209563807858025
old,16,1,,,,,,2309,4,12.129072830197188,29.161540778650174
old,16,1,,,,,,2309,5,12.132344254417205,29.089310061768796
old,16,1,,,,,,2309,6,12.128130115817715,29.02348449296291
old,16,1,,,,,,2309,7,12.120377921604874,28.971518427266556
old,16,1,,,,,,2309,8,12.122546471941986,28.90684441705791
old,16,1,,,,,,2309,9,12.125380194485638,28.848000484403634
old,16,1,,,,,,2309,10,12.122215985543537,28.770840919396623
old,16,1,,,,,,2309,11,12.125504527271262,28.718871541333165
old,16,1,,,,,,2309,12,12.123807192141326,28.65226271033706
old,16,1,,,,,,2309,13,12.118261689303633,28.582001040401043
old,16,1,,,,,,2309,14,12.119096173507186,28.516146981803924
old,16,1,,,,,,2309,15,12.116826526193291,28.476991011833718
old,16,1,,,,,,2309,16,12.112961659391345,28.41278499688417
old,16,1,,,,,,2309,17,12.115197302391788,28.348316902854823
old,16,1,,,,,,2309,18,12.115114661336081,28.30368998446193
old,16,1,,,,,,2309,19,12.115975226277843,28.251774397222025
old,16,1,,,,,,2309,20,12.115876552596225,28.1912610078951
old,16,1,,,,,,2309,21,12.118522557366827,28.143939526019974
old,16,1,,,,,,2309,22,12.116582611523441,28.089254209215035
old,16,1,,,,,,2309,23,12.112547331315042,28.040121168647097
old,16,1,,,,,,2309,24,12.113274623004154,27.969134407077085
old,16,1,,,,,,2309,25,12.11286214430447,27.941027591048062
old,16,1,,,,,,2309,26,12.099687673256884,27.889739489387868
old,16,1,,,,,,2309,27,12.09859432090977,27.809068216408004
old,16,1,,,,,,2309,28,12.105671502961876,27.73900652686597
old,16,1,,,,,,2309,29,12.056158149948324,27.75774548464314
old,16,1,,,,,,2309,30,12.075433322245436,27.66750277850304
old,16,1,,,,,,2309,31,12.032363234821005,27.651130002321693
old,16,1,,,,,,2309,32,12.038784094564713,27.583583174303328
old,16,1,,,,,,2310,2,23.71208718385174,29.463269158148588
old,16,1,,,,,,2310,3,23.72162572312669,29.38224365585053
old,16,1,,,,,,2310,4,23.71074280689536,29.293643982993313
old,16,1,,,,,,2310,5,23.728053444084352,29.241967165554836
old,16,1,,,,,,2310,6,23.729135219992244,29.152437092560636
old,16,1,,,,,,2310,7,23.748109560759897,29.055330591517276
old,16,1,,,,,,2310,8,23.73379676346026,28.991777804512537
old,16,1,,,,,,2310,9,23.7473699277638,28.926482113244155
old,16,1,,,,,,2310,10,23.740137673712145,28.84974803438403
old,16,1,,,,,,2310,11,23.738338978578614,28.775338950660775
old,16,1,,,,,,2310,12,23.74019174408569,28.698156446477483
old,16,1,,,,,,2310,13,23.729741601848687,28.61556562525616
old,16,1,,,,,,2310,14,23.74524133532326,28.548718578587895
old,16,1,,,,,,2310,15,23.732444840236866,28.48565849465759
old,16,1,,,,,,2310,16,23.743378710440336,28.431925762063507
old,16,1,,,,,,2310,17,23.744425764511224,28.361969604628655
old,16,1,,,,,,2310,18,23.749297027291373,28.28740562581618
old,16,1,,,,,,2310,19,23.759863185965276,28.21973414820972
old,16,1,,,,,,2310,20,23.74127603242142,28.201513035997394
old,16,1,,,,,,2310,21,23.764150149537592,28.127627324296512
old,16,1,,,,,,2310,22,23.772171904436128,28.082018803543654
old,16,1,,,,,,2310,23,23.767169108136603,28.05726626612061
old,16,1,,,,,,2310,24,23.77421073442765,27.999108842306864
old,16,1,,,,,,2310,25,23.767121333447893,27.911099328585852
old,16,1,,,,,,2310,26,23.77544275295701,27.847860114795665
old,16,1,,,,,,2310,27,23.78830513237121,27.774855916520412
old,16,1,,,,,,2310,28,23.786669711055822,27.71998899610294
old,16,1,,,,,,2310,29,23.791332251529873,27.666151182735952
old,16,1,,,,,,2310,30,23.786039984441082,27.59703576293194
old,16,1,,,,,,2310,31,23.7790239529424,27.541554320675036
old,16,1,,,,,,2310,32,23.781106523723448,27.4621455111821
old,16,1,,,,,,2311,2,4.915749058482973,29.839381324840275
old,16,1,,,,,,2311,3,4.93390305667652,29.73583487894647
old,16,1,,,,,,2311,4,4.966350731221902,29.683888151425403
old,16,1,,,,,,2311,5,4.973067553118878,29.576140931855598
old,16,1,,,,,,2311,6,4.985908582736712,29.50035533369876
old,16,1,,,,,,2311,7,4.986395698905948,29.43508987682676
old,16,1,,,,,,2311,8,4.994078806329141,29.363627612633742
old,16,1,,,,,,2311,9,4.996672401631866,29.276517177258448
old,16,1,,,,,,2311,10,5.00396615125833,29.229181842520518
old,16,1,,,,,,2311,11,4.981852145223096,29.128781021520602
old,16,1,,,,,,2311,12,4.984175901869058,29.021539871840254
old,16,1,,,,,,2311,13,4.983964079348635,28.904673356910845
old,16,1,,,,,,2311,14,4.980806161280008,28.806897593439473
old,16,1,,,,,,2311,15,4.966674959538842,28.677845064290544
old,16,1,,,,,,2311,16,4.978623585903016,28.615312445740464
old,16,1,,,,,,2311,17,4.964285617245912,28.508586660424264
old,16,1,,,,,,2311,18,4.935000091791153,28.369200527668
old,16,1,,,,,,2311,20,4.964914433342344,28.237528492292956
old,16,1,,,,,,2311,21,4.931791135129309,28.107005525743467
old,16,1,,,,,,2311,22,4.945226288036234,28.048959373745962
old,16,1,,,,,,2311,23,4.9515185844143526,27.984313089869804
old,16,1,,,,,,2311,24,4.942952325985962,27.876078210255923
old,16,1,,,,,,2311,25,4.928881536971872,27.76812790402814
old,16,1,,,,,,2311,26,4.916221986713363,27.677777312646064
old,16,1,,,,,,2311,27,4.918946150692379,27.59313106597759
old,16,1,,,,,,2311,28,4.918027667225379,27.507089987632146
old,16,1,,,,,,2311,29,4.922398618789808,27.417000453539877
old,16,1,,,,,,2311,30,4.920078437811571,27.340360564114263
old,16,1,,,,,,2311,31,4.917385506238135,27.246629893168183
old,16,1,,,,,,2311,32,4.913617467288781,27.15806715114474
old,16,1,,,,,,2312,2,17.162887200088992,29.796409846269103
old,16,1,,,,,,2312,3,17.149951035226632,29.752939009282102
old,16,1,,,,,,2312,4,17.152759804473607,29.708331619016974
old,16,1,,,,,,2312,5,17.14078726255681,29.665198497639025
old,16,1,,,,,,2312,6,17.13966123127712,29.622809463939763
old,16,1,,,,,,2312,7,17.141378120498146,29.58725087843745
old,16,1,,,,,,2312,8,17.13455408437528,29.542163587159926
old,16,1,,,,,,2312,9,17.138441536554083,29.478951206875085
old,16,1,,,,,,2312,10,17.139561374744584,29.417775792573668
old,16,1,,,,,,2312,11,17.13720205187773,29.372049308372755
old,16,1,,,,,,2312,12,17.145322316350324,29.320399223673217
old,16,1,,,,,,2312,13,17.154480017895985,29.283474854423126
old,16,1,,,,,,2312,14,17.156825210968996,29.240065465666916
old,16,1,,,,,,2312,15,17.15663673606659,29.18696672550572
old,16,1,,,,,,2312,16,17.157766707780798,29.13709001050234
old,16,1,,,,,,2312,17,17.172101745167303,29.087973619852022
old,16,1,,,,,,2312,18,17.167516283112988,29.02828076429251
old,16,1,,,,,,2312,19,17.1744976285633,28.978114003961604
old,16,1,,,,,,2312,20,17.173638819739548,28.924463883611033
old,16,1,,,,,,2312,21,17.171292977742727,28.85977941978596
old,16,1,,,,,,2312,22,17.175687685237957,28.78246058023836
old,16,1,,,,,,2312,23,17.179737154437788,28.702494724636015
old,16,1,,,,,,2312,24,17.18912526866322,28.641729444513604
old,16,1,,,,,,2312,25,17.18691324103866,28.578790386827652
old,16,1,,,,,,2312,26,17.195175433331524,28.520359738675527
old,16,1,,,,,,2312,27,17.19520489863048,28.466912339764587
old,16,1,,,,,,2312,28,17.202116179215594,28.418441184659265
old,16,1,,,,,,2312,29,17.191358474467673,28.373598688903385
old,16,1,,,,,,2312,30,17.18776213410498,28.324074178584713
old,16,1,,,,,,2312,31,17.193260841557002,28.280801187889786
old,16,1,,,,,,2312,32,17.191676102990463,28.224432685360508
old,16,1,,,,,,2313,2,26.886556162107187,29.870046112362555
old,16,1,,,,,,2313,3,26.969936369324294,29.871583599292226
old,16,1,,,,,,2313,4,26.831274634239424,29.675167619379245
old,16,1,,,,,,2313,5,26.829187299124953,29.57720044010267
old,16,1,,,,,,2313,6,26.806327689943156,29.474889204375486
old,16,1,,,,,,2313,7,26.81692357857881,29.433784763784647
old,16,1,,,,,,2313,8,26.814313938707826,29.33445345684533
old,16,1,,,,,,2313,9,26.814618972949646,29.264580872063387
old,16,1,,,,,,2313,10,26.827544049768598,29.189667714940423
old,16,1,,,,,,2313,11,26.844565840907674,29.11862679816721
old,16,1,,,,,,2313,12,26.830030337297845,29.038358392550677
old,16,1,,,,,,2313,13,26.842074053971302,28.963203450585603
old,16,1,,,,,,2313,14,26.835969363191847,28.891182654658667
old,16,1,,,,,,2313,15,26.83302231551863,28.821458215231615
old,16,1,,,,,,2313,16,26.8427863244691,28.75485165059023
old,16,1,,,,,,2313,17,26.81889501861986,28.69629949409075
old,16,1,,,,,,2313,18,26.822089518206436,28.60631503936396
old,16,1,,,,,,2313,19,26.807750372455622,28.524916348032612
old,16,1,,,,,,2313,20,26.806497953925046,28.453178182991298
old,16,1,,,,,,2313,21,26.812226912398085,28.382714372248497
old,16,1,,,,,,2313,22,26.803259778566726,28.323836115696455
old,16,1,,,,,,2313,23,26.805012815640957,28.252354424149388
old,16,1,,,,,,2313,24,26.80442939769396,28.185523107576433
old,16,1,,,,,,2313,25,26.796942117899498,28.116885353514622
old,16,1,,,,,,2313,26,26.814593562346598,28.052992767208217
old,16,1,,,,,,2313,27,26.79317607834297,27.96967149159316
old,16,1,,,,,,2313,28,26.808828747796532,27.878866982224604
old,16,1,,,,,,2313,29,26.794103622344768,27.79724926271569
old,16,1,,,,,,2313,30,26.79621682523097,27.7262295147168
old,16,1,,,,,,2313,31,26.803981040005066,27.65789494499454
old,16,1,,,,,,2313,32,26.785643936149036,27.5899829109544
old,16,1,,,,,,2314,2,17.72242331479873,28.18053017087183
old,16,1,,,,,,2314,3,17.750715727082085,28.103805269432527
old,16,1,,,,,,2314,4,17.751215852270406,27.978883025095207
old,16,1,,,,,,2314,5,17.714652728435052,27.75141382943094
old,16,1,,,,,,2314,6,17.708657796178482,27.621955345880473
old,16,1,,,,,,2314,7,17.698510264748588,27.528098269786195
old,16,1,,,,,,2314,8,17.706389704645055,27.43260546133675
old,16,1,,,,,,2314,9,17.708054160473942,27.342767356478838
old,16,1,,,,,,2314,10,17.705129450863335,27.24147827894283
old,16,1,,,,,,2314,11,17.699244329633416,27.162167371150417
old,16,1,,,,,,2314,12,17.69500356926364,27.073934551708657
old,16,1,,,,,,2314,13,17.694419397052577,26.99185402111892
old,16,1,,,,,,2314,14,17.694833821000127,26.909313975265086
old,16,1,,,,,,2314,15,17.689677382285826,26.840217502585297
old,16,1,,,,,,2314,16,17.682654982393352,26.771686678493793
old,16,1,,,,,,2314,17,17.677918548806087,26.692010739084555
old,16,1,,,,,,2314,18,17.681926933820076,26.606185353432313
old,16,1,,,,,,2314,19,17.674969234197093,26.52613902580434
old,16,1,,,,,,2314,20,17.67638526667184,26.436423995447203
old,16,1,,,,,,2314,21,17.67433580235752,26.371446451985474
old,16,1,,,,,,2314,22,17.666360714118998,26.271589604952673
old,16,1,,,,,,2314,23,17.675661088513866,26.184986237651483
old,16,1,,,,,,2314,24,17.671490898739723,26.100931519889777
old,16,1,,,,,,2314,25,17.680427297403114,25.998298632736155
old,16,1,,,,,,2314,26,17.678261315849216,25.89596791939291
old,16,1,,,,,,2314,27,17.687275914275837,25.812113969462626
old,16,1,,,,,,2314,28,17.68568882417224,25.708894584708553
old,16,1,,,,,,2314,29,17.70057201882996,25.607322311997223
old,16,1,,,,,,2314,30,17.687544195657253,25.51615099150256
old,16,1,,,,,,2314,31,17.697409818216162,25.420488176130736
old,16,1,,,,,,2314,32,17.69675151334486,25.358256356974387
old,16,1,,,,,,2315,2,3.706971062023672,28.62210832577296
old,16,1,,,,,,2315,3,3.6890615101595428,28.566918945059502
old,16,1,,,,,,2315,4,3.7082282776369695,28.477749909397566
old,16,1,,,,,,2315,5,3.697409817838988,28.425222664815017
old,16,1,,,,,,2315,6,3.755456186587361,28.345381488999497
old,16,1,,,,,,2315,7,3.758200086554137,28.251141666988556
old,16,1,,,,,,2315,8,3.7984838482322334,28.177598418949124
old,16,1,,,,,,2315,9,3.797233993337308,28.10282433923992
old,16,1,,,,,,2315,10,3.8280648169582814,28.032006105163614
old,16,1,,,,,,2315,11,3.8257208223679235,27.950524080938735
old,16,1,,,,,,2315,12,3.8364557551113063,27.877298138483326
old,16,1,,,,,,2315,13,3.838885667389452,27.80574864279416
old,16,1,,,,,,2315,14,3.848647157888692,27.73473088666338
old,16,1,,,,,,2315,15,3.8551607781349526,27.660815569885433
old,16,1,,,,,,2315,16,3.849743470196045,27.579867613968812
old,16,1,,,,,,2315,17,3.8632517543139304,27.501773001047425
old,16,1,,,,,,2315,18,3.8739320617500215,27.407080848637026
old,16,1,,,,,,2315,19,3.889797555079842,27.338999027452765
old,16,1,,,,,,2315,20,3.8913231160923414,27.272281343546744
old,16,1,,,,,,2315,21,3.907976342041425,27.20384396229512
old,16,1,,,,,,2315,22,3.9021992154220912,27.126707829861076
old,16,1,,,,,,2315,23,3.9168334295052936,27.04955761995277
old,16,1,,,,,,2315,24,3.9203228383906956,26.97141578981034
old,16,1,,,,,,2315,25,3.945656833914777,26.8932811622513
old,16,1,,,,,,2315,26,3.959946574513155,26.819768721080273
old,16,1,,,,,,2315,27,3.9713872360927645,26.747705729433985
old,16,1,,,,,,2315,28,3.983145711867678,26.653308686109188
old,16,1,,,,,,2315,29,3.991983244575787,26.574271398634625
old,16,1,,,,,,2315,30,3.9959025191813673,26.495965042620625
old,16,1,,,,,,2315,31,3.984437895355031,26.41478409995004
old,16,1,,,,,,2315,32,3.9993342364366953,26.334347194254278
old,16,1,,,,,,2316,2,14.02155480528205,28.868355346638808
old,16,1,,,,,,2316,3,14.01469501941806,28.804365430025534
old,16,1,,,,,,2316,4,14.009323705745711,28.73825639880469
old,16,1,,,,,,2316,5,14.013321886686507,28.673593626293236
old,16,1,,,,,,2316,6,14.007988223496652,28.607551105455446
old,16,1,,,,,,2316,7,14.01611196610659,28.541189041437082
old,16,1,,,,,,2316,8,14.020430877361624,28.461238629029133
old,16,1,,,,,,2316,9,14.02136797723399,28.398471497013997
old,16,1,,,,,,2316,10,14.030453119967076,28.329390598924835
old,16,1,,,,,,2316,11,14.032072190285033,28.25334965462317
old,16,1,,,,,,2316,12,14.04235017475544,28.20594361299365
old,16,1,,,,,,2316,13,14.025026674061312,28.138866512621313
old,16,1,,,,,,2316,14,14.02286332521435,28.05067512298165
old,16,1,,,,,,2316,15,14.025284879691558,27.980393180637634
old,16,1,,,,,,2316,16,14.021890897861105,27.919647612171474
old,16,1,,,,,,2316,17,14.019160164149664,27.840725159650148
old,16,1,,,,,,2316,18,14.01604403877813,27.80022124709965
old,16,1,,,,,,2316,19,14.033594687518292,27.738440705224534
old,16,1,,,,,,2316,20,14.024068333980113,27.68302995395156
old,16,1,,,,,,2316,21,14.024696506857307,27.623730756661224
old,16,1,,,,,,2316,22,14.04048628997107,27.561000443383342
old,16,1,,,,,,2316,23,14.040888208842691,27.537717523157255
old,16,1,,,,,,2316,24,14.054124289016062,27.508825562807836
old,16,1,,,,,,2316,25,14.048200409488526,27.474100746107165
old,16,1,,,,,,2316,26,14.045311091563196,27.42712963915962
old,16,1,,,,,,2316,27,14.04590916484019,27.38805935444732
old,16,1,,,,,,2316,28,14.05222789972392,27.34004220580557
old,16,1,,,,,,2316,29,14.052291015801982,27.293573515806912
old,16,1,,,,,,2316,30,14.057424179898733,27.23783114841072
old,16,1,,,,,,2316,31,14.052315195977934,27.17467976215587
old,16,1,,,,,,2316,32,14.047772933802182,27.11931374062708
old,16,1,,,,,,2317,2,5.6263180862179025,28.960618455894792
old,16,1,,,,,,2317,3,5.632064546522241,28.93692803901408
old,16,1,,,,,,2317,4,5.625269861179257,28.890465603881154
old,16,1,,,,,,2317,5,5.626021910933164,28.855960099442054
old,16,1,,,,,,2317,6,5.613794803295835,28.81918849408307
old,16,1,,,,,,2317,7,5.619172750377423,28.809405614523442
old,16,1,,,,,,2317,8,5.631765022238449,28.80637606433273
old,16,1,,,,,,2317,9,5.6524622251481915,28.800988957459438
old,16,1,,,,,,2317,10,5.675645276681793,28.79697718385867
old,16,1,,,,,,2317,11,5.693054325418125,28.778369256046968
old,16,1,,,,,,2317,12,5.722060075561679,28.775871847663733
old,16,1,,,,,,2317,13,5.73507713994653,28.74747084005699
old,16,1,,,,,,2317,14,5.735762276430081,28.69727555847822
old,16,1,,,,,,2317,15,5.736039928000947,28.63259219174264
old,16,1,,,,,,2317,16,5.741762664437034,28.576567870400538
old,16,1,,,,,,2317,17,5.736264679823594,28.518391542124718
old,16,1,,,,,,2317,18,5.75433932450277,28.458166267610263
old,16,1,,,,,,2317,19,5.740285133624417,28.396195259828488
old,16,1,,,,,,2317,20,5.760981597464892,28.318074006798522
old,16,1,,,,,,2317,21,5.760592167091138,28.267960254830307
old,16,1,,,,,,2317,22,5.779481623133973,28.199724871720875
old,16,1,,,,,,2317,23,5.782518437510341,28.130782713833103
old,16,1,,,,,,2317,24,5.785813197158584,28.065453917836578
old,16,1,,,,,,2317,25,5.807212465661361,28.02371235561973
old,16,1,,,,,,2317,26,5.803313399337683,27.957171725936355
old,16,1,,,,,,2317,27,5.818279254795549,27.89129617871973
old,16,1,,,,,,2317,28,5.819338827772773,27.837578476743488
old,16,1,,,,,,2317,29,5.820394872507195,27.77763627454896
old,16,1,,,,,,2317,30,5.829826382330421,27.716168158175762
old,16,1,,,,,,2317,31,5.8358826391677034,27.6665804673158
old,16,1,,,,,,2317,32,5.833308296440111,27.59900639676276
old,16,1,,,,,,2318,2,13.13576319135864,29.08849844024337
old,16,1,,,,,,2318,3,13.12607618045696,29.026384317573036
old,16,1,,,,,,2318,4,13.127070366597744,28.954651675336223
old,16,1,,,,,,2318,5,13.127295278883201,28.907820088505
old,16,1,,,,,,2318,6,13.115602437014429,28.845795787994277
old,16,1,,,,,,2318,7,13.122269462993563,28.779490370388803
old,16,1,,,,,,2318,8,13.117985274840951,28.709857490853228
old,16,1,,,,,,2318,9,13.123669612473925,28.65062310396143
old,16,1,,,,,,2318,10,13.124185389391107,28.583942312241113
old,16,1,,,,,,2318,11,13.12610195616462,28.512664597574464
old,16,1,,,,,,2318,12,13.125654752626236,28.44593673546807
old,16,1,,,,,,2318,13,13.119860094159193,28.393925049226336
old,16,1,,,,,,2318,14,13.126846832200854,28.33267970218607
old,16,1,,,,,,2318,15,13.128358638528738,28.270466064554363
old,16,1,,,,,,2318,16,13.127872639179369,28.203681814499905
old,16,1,,,,,,2318,17,13.13795668525829,28.129302777094477
old,16,1,,,,,,2318,18,13.132251371227792,28.06379029476346
old,16,1,,,,,,2318,19,13.143774434091709,27.9983167248206
old,16,1,,,,,,2318,20,13.139331302064372,27.937945747976293
old,16,1,,,,,,2318,21,13.144727366710264,27.881307749533796
old,16,1,,,,,,2318,22,13.142555454005233,27.82328943403261
old,16,1,,,,,,2318,23,13.14499327317258,27.78270783063752
old,16,1,,,,,,2318,24,13.14177615353607,27.730589612240507
old,16,1,,,,,,2318,25,13.136056335630732,27.67405207665386
old,16,1,,,,,,2318,26,13.14007479508672,27.6153058608849
old,16,1,,,,,,2318,27,13.134150530330539,27.54876571472001
old,16,1,,,,,,2318,28,13.14375652566693,27.511258422897694
old,16,1,,,,,,2318,29,13.133548611346884,27.45118637044068
old,16,1,,,,,,2318,30,13.132668027399042,27.395194867976855
old,16,1,,,,,,2318,31,13.133117815336629,27.337678151956393
old,16,1,,,,,,2318,32,13.129267644785108,27.28756889061975
old,16,1,,,,,,2319,2,15.85882243115486,29.072354578727687
old,16,1,,,,,,2319,3,15.866079887450807,28.99344455797626
old,16,1,,,,,,2319,4,15.853834803510894,28.92815201302632
old,16,1,,,,,,2319,5,15.857557876812448,28.840787071458116
old,16,1,,,,,,2319,6,15.842624764917137,28.76618932146532
old,16,1,,,,,,2319,7,15.827219106569391,28.700157002951066
old,16,1,,,,,,2319,8,15.836894569589397,28.672302755522118
old,16,1,,,,,,2319,9,15.862317690498541,28.633435518088138
old,16,1,,,,,,2319,10,15.886320550210861,28.560449513453825
old,16,1,,,,,,2319,11,15.878803109528192,28.438147362398073
old,16,1,,,,,,2319,12,15.885945602907523,28.35567367042513
old,16,1,,,,,,2319,13,15.876118019305649,28.272307292525042
old,16,1,,,,,,2319,14,15.873534346457685,28.18627464293373
old,16,1,,,,,,2319,15,15.87309342734866,28.104010420267283
old,16,1,,,,,,2319,16,15.887022592432594,28.032604845149233
old,16,1,,,,,,2319,17,15.897218910509581,27.949050933556904
old,16,1,,,,,,2319,18,15.913878245989688,27.884014055695815
old,16,1,,,,,,2319,19,15.906868368798548,27.798504628164945
old,16,1,,,,,,2319,20,15.921988832049758,27.735968931417865
old,16,1,,,,,,2319,21,15.899095203236172,27.660309806041273
old,16,1,,,,,,2319,22,15.904661344926058,27.58498567660431
old,16,1,,,,,,2319,23,15.88696549825948,27.506337253326926
old,16,1,,,,,,2319,24,15.899694695547534,27.424684499448368
old,16,1,,,,,,2319,25,15.88939263491624,27.34549851599907
old,16,1,,,,,,2319,26,15.892665205544299,27.257772876034434
old,16,1,,,,,,2319,27,15.895841552751875,27.17702286893984
old,16,1,,,,,,2319,28,15.898983615301258,27.09421979774518
old,16,1,,,,,,2319,29,15.897975261286922,27.019273041585304
old,16,1,,,,,,2319,30,15.898820223202977,26.927299001692678
old,16,1,,,,,,2319,31,15.880876233910035,26.84173357411927
old,16,1,,,,,,2319,32,15.896773151866556,26.76379347124174
old,16,1,,,,,,2320,2,20.006805676915732,29.10837582841101
old,16,1,,,,,,2320,3,20.007116667301393,28.994152384382666
old,16,1,,,,,,2320,4,20.022251235358638,28.90533280956982
old,16,1,,,,,,2320,5,20.03323337674554,28.803249231807786
old,16,1,,,,,,2320,6,20.0585527203706,28.705174351653092
old,16,1,,,,,,2320,7,20.070402935191563,28.622263260668348
old,16,1,,,,,,2320,8,20.079518608000573,28.532611823110443
old,16,1,,,,,,2320,9,20.09618433581016,28.441418732489826
old,16,1,,,,,,2320,10,20.112463572660662,28.360117183717122
old,16,1,,,,,,2320,11,20.140185955346308,28.279957369512122
old,16,1,,,,,,2320,12,20.16033263920446,28.19619626814788
old,16,1,,,,,,2320,13,20.17325334029161,28.105121733262813
old,16,1,,,,,,2320,14,20.178739740212833,28.01228529858388
old,16,1,,,,,,2320,15,20.196150250726483,27.925620772626676
old,16,1,,,,,,2320,16,20.199508644430416,27.82045328804358
old,16,1,,,,,,2320,17,20.21346812392657,27.73943421207633
old,16,1,,,,,,2320,18,20.210458327640374,27.64336307402766
old,16,1,,,,,,2320,19,20.214955079536075,27.554411445093333
old,16,1,,,,,,2320,20,20.218980069689927,27.471499756985022
old,16,1,,,,,,2320,21,20.226774074532365,27.385563871034837
old,16,1,,,,,,2320,22,20.23752432333238,27.297629704596684
old,16,1,,,,,,2320,23,20.236645867066688,27.20869310640693
old,16,1,,,,,,2320,24,20.24081302418885,27.13348059414103
old,16,1,,,,,,2320,25,20.238183460305052,27.052281661579432
old,16,1,,,,,,2320,26,20.23994440591162,26.981266112703356
old,16,1,,,,,,2320,27,20.24725746148342,26.902247208369765
old,16,1,,,,,,2320,28,20.250126378414972,26.821950722203837
old,16,1,,,,,,2320,29,20.241309548498478,26.733057881830867
old,16,1,,,,,,2320,30,20.24328753984725,26.66644019960077
old,16,1,,,,,,2320,31,20.246237707962887,26.597123781226976
old,16,1,,,,,,2320,32,20.243432113172315,26.524964110090504
old,16,1,,,,,,2321,2,3.8818076562831245,29.255307091033924
old,16,1,,,,,,2321,3,3.8839067747513782,29.178512577104275
old,16,1,,,,,,2321,4,3.8744938379216713,29.11578181445089
old,16,1,,,,,,2321,5,3.8739507213569517,29.037453224496634
old,16,1,,,,,,2321,6,3.873188817927286,28.97924778759198
old,16,1,,,,,,2321,7,3.8664970740427185,28.890940855842008
old,16,1,,,,,,2321,8,3.8777358083024716,28.83242986727285
old,16,1,,,,,,2321,9,3.8759232537719503,28.75626228537709
old,16,1,,,,,,2321,10,3.890751234981853,28.70285320716861
old,16,1,,,,,,2321,11,3.885306766166494,28.6191148165509
old,16,1,,,,,,2321,12,3.9107526321914343,28.563114985108893
old,16,1,,,,,,2321,13,3.91433329828178,28.50496607802843
old,16,1,,,,,,2321,14,3.9240920643893165,28.459437223992637
old,16,1,,,,,,2321,15,3.9178431872222834,28.38858154108662
old,16,1,,,,,,2321,16,3.9369406248324177,28.311228340878074
old,16,1,,,,,,2321,17,3.9338434237744004,28.21955814921236
old,16,1,,,,,,2321,18,3.9426696621913466,28.155872459643852
old,16,1,,,,,,2321,19,3.921397791993889,28.09557245746591
old,16,1,,,,,,2321,20,3.9154474896204676,28.0475682146429
old,16,1,,,,,,2321,21,3.878462542746142,28.02438210734336
old,16,1,,,,,,2321,22,3.8671262483990447,27.97036166228279
old,16,1,,,,,,2321,23,3.8406364589845428,27.90313893020908
old,16,1,,,,,,2321,24,3.8280315403843708,27.827235733382985
old,16,1,,,,,,2321,25,3.808967159401268,27.751036854014096
old,16,1,,,,,,2321,26,3.8114183845089964,27.680787647477498
old,16,1,,,,,,2321,27,3.786836678204538,27.602639614020678
old,16,1,,,,,,2321,28,3.795197842585985,27.52162187024347
old,16,1,,,,,,2321,29,3.785024296653626,27.4325522503136
old,16,1,,,,,,2321,30,3.812460619188826,27.349970678601217
old,16,1,,,,,,2321,31,3.8052360531518525,27.287599895302527
old,16,1,,,,,,2321,32,3.82635318514401,27.22962744456718
old,16,1,,,,,,2322,4,17.75195485664766,27.98179196817219
old,16,1,,,,,,2322,5,17.81560512521321,28.049674559884505
old,16,1,,,,,,2322,6,17.834183421125978,27.99263139367358
old,16,1,,,,,,2322,7,17.865659781973186,27.94691533877555
old,16,1,,,,,,2322,8,17.883309117800128,27.8683738098677
old,16,1,,,,,,2322,9,17.9130035750795,27.778322672445952
old,16,1,,,,,,2322,10,17.95587378542153,27.71807820873876
old,16,1,,,,,,2322,11,17.983973765086844,27.640229533410537
old,16,1,,,,,,2322,12,18.010158673571596,27.58849017782424
old,16,1,,,,,,2322,13,18.031219508679058,27.511857155120374
old,16,1,,,,,,2322,14,18.069741158018417,27.460711200667546
old,16,1,,,,,,2322,15,18.079232655841867,27.386684749168833
old,16,1,,,,,,2322,16,18.11750677161996,27.3289716024408
old,16,1,,,,,,2322,17,18.130169378254518,27.25871581988209
old,16,1,,,,,,2322,18,18.154207986378037,27.198023034806575
old,16,1,,,,,,2322,19,18.162913314317343,27.1571897557363
old,16,1,,,,,,2322,20,18.168090285955373,27.085970129211137
old,16,1,,,,,,2322,21,18.19054948380232,27.03029400671697
old,16,1,,,,,,2322,22,18.187404204442956,26.945134641968504
old,16,1,,,,,,2322,23,18.215049664102125,26.878379382967292
old,16,1,,,,,,2322,24,18.211863304026355,26.8009201122288
old,16,1,,,,,,2322,25,18.228595395923037,26.732904052359935
old,16,1,,,,,,2322,26,18.232928741207086,26.649664620792393
old,16,1,,,,,,2322,27,18.238565495706272,26.579621150906153
old,16,1,,,,,,2322,28,18.24177111630706,26.516089467159052
old,16,1,,,,,,2322,29,18.23943119402892,26.42280973047093
old,16,1,,,,,,2322,30,18.232400650229007,26.36346790408636
old,16,1,,,,,,2322,31,18.215540636536502,26.292911019769285
old,16,1,,,,,,2322,32,18.206482521723004,26.24906121278269
old,16,1,,,,,,2323,7,14.974896721825012,30.127435662605382
old,16,1,,,,,,2323,8,14.953752648420428,30.05983352798748
old,16,1,,,,,,2323,9,14.97059507124403,29.951703040047697
old,16,1,,,,,,2323,10,14.976424725814718,29.91432392839294
old,16,1,,,,,,2323,11,14.980917654876427,29.83125458781937
old,16,1,,,,,,2323,12,14.983373428055652,29.77707371447635
old,16,1,,,,,,2323,13,15.003833846714237,29.725967877683654
old,16,1,,,,,,2323,14,15.026969228205598,29.6931370417575
old,16,1,,,,,,2323,15,15.025514934017268,29.660209574215006
old,16,1,,,,,,2323,16,15.040278200987274,29.62402564126944
old,16,1,,,,,,2323,17,15.048098036206753,29.610123647615023
old,16,1,,,,,,2323,18,15.045652297790308,29.562564301701784
old,16,1,,,,,,2323,19,15.038827560348421,29.523889694121564
old,16,1,,,,,,2323,20,15.031139520838087,29.50911165471455
old,16,1,,,,,,2323,21,15.032942696117955,29.51196930803254
old,16,1,,,,,,2323,22,15.043493111088708,29.506791152918336
old,16,1,,,,,,2323,23,15.045366659679557,29.50175419375209
old,16,1,,,,,,2323,24,15.04895113086811,29.50919421761761
old,16,1,,,,,,2323,25,15.056460869296895,29.500117698001127
old,16,1,,,,,,2323,26,15.055982804558981,29.482214399578172
old,16,1,,,,,,2323,27,15.049929309915672,29.430866915168814
old,16,1,,,,,,2323,28,15.032357924368425,29.383412298004195
old,16,1,,,,,,2323,29,15.050565510485232,29.33968477406322
old,16,1,,,,,,2323,30,15.050277905006075,29.26437129397379
old,16,1,,,,,,2323,31,15.047345889382052,29.207451694656385
old,16,1,,,,,,2323,32,15.057131683460986,29.161686880937634
