Age,Rack,Repetition,Replicate,Tube,Nuclear,Mito,Diet,Time (sec),Dy (Vertical Velocity) (px/sec),Dz (Speed),Dy (cm/sec),Mean Velocity (cm/sec),Dy,Dz
young,1,1,1,1,3,B,IV,3,102,102.313,2.92536,3.62324,d(y3-y0),d(z3-z0)
young,1,1,1,1,3,B,IV,6,114,115.117,3.26952,,d(y6-y0),d(z6-z0)
young,1,1,1,1,3,B,IV,9,100,101.272,2.868,,d(y9-y0),d(z9-z0)
young,1,1,1,2,3,B,IV,3,138,138.014,3.95784,,,
young,1,1,1,2,3,B,IV,6,58,58.31,1.66344,,,
young,1,1,1,2,3,B,IV,9,110,111.158,3.1548,,,
young,1,1,1,3,3,B,IV,3,170,170.423,4.8756,,,
young,1,1,1,3,3,B,IV,6,138,138.924,3.95784,,,
young,1,1,1,3,3,B,IV,9,104,104.019,2.98272,,,
young,1,1,1,4,3,B,IV,3,196,196.092,5.62128,,,
young,1,1,1,4,3,B,IV,6,160,160.312,4.5888,,,
young,1,1,1,4,3,B,IV,9,126,126,3.61368,,,
young,1,1,1,5,3,B,II,3,156,156.013,4.47408,2.11754,,
young,1,1,1,5,3,B,II,6,130,130.015,3.7284,,,
young,1,1,1,5,3,B,II,9,112,112.018,3.21216,,,
young,1,1,1,6,3,B,II,3,38,40.497,1.08984,,,
young,1,1,1,6,3,B,II,6,74,76.158,2.12232,,,
young,1,1,1,6,3,B,II,9,-28,33.287,-0.80304,,,
young,1,1,1,7,3,B,II,3,52,52.038,1.49136,,,
young,1,1,1,7,3,B,II,6,30,31.623,0.8604,,,
young,1,1,1,7,3,B,II,9,-122,122.066,-3.49896,,,
young,1,1,1,8,3,B,II,3,158,158.114,4.53144,,,
young,1,1,1,8,3,B,II,6,162,162.197,4.64616,,,
young,1,1,1,8,3,B,II,9,124,124.145,3.55632,,,
young,1,1,1,9,3,B,V,3,-4,12.649,-0.11472,3.51808,,
young,1,1,1,9,3,B,V,6,58,58.31,1.66344,,,
young,1,1,1,9,3,B,V,9,172,172.012,4.93296,,,
young,1,1,1,10,3,B,V,3,120,120.416,3.4416,,,
young,1,1,1,10,3,B,V,6,94,95.708,2.69592,,,
young,1,1,1,10,3,B,V,9,128,128.141,3.67104,,,
young,1,1,1,11,3,B,V,3,185,185.607,5.3058,,,
young,1,1,1,11,3,B,V,6,159,159.113,4.56012,,,
young,1,1,1,11,3,B,V,9,118,118.004,3.38424,,,
young,1,1,1,12,3,B,V,3,219,219.146,6.28092,,,
young,1,1,1,12,3,B,V,6,114,114.11,3.26952,,,
young,1,1,1,12,3,B,V,9,109,109.225,3.12612,,,
young,1,1,1,13,3,C,IV,3,116,118.258,3.32688,2.81542,,
young,1,1,1,13,3,C,IV,6,138,138.004,3.95784,,,
young,1,1,1,13,3,C,IV,9,144,144.014,4.12992,,,
young,1,1,1,14,3,C,IV,3,123,123.685,3.52764,,,
young,1,1,1,14,3,C,IV,6,71,72.567,2.03628,,,
young,1,1,1,14,3,C,IV,9,154,154.935,4.41672,,,
young,1,1,1,15,3,C,IV,3,96,96.876,2.75328,,,
young,1,1,1,15,3,C,IV,6,-103,103.238,-2.95404,,,
young,1,1,1,15,3,C,IV,9,64,64.031,1.83552,,,
young,1,1,1,16,3,C,IV,3,168,168.048,4.81824,,,
young,1,1,1,16,3,C,IV,6,155,155.322,4.4454,,,
young,1,1,1,16,3,C,IV,9,52,52.038,1.49136,,,
young,1,1,1,17,3,C,II,3,95,95.084,2.7246,2.30874,,
young,1,1,1,17,3,C,II,6,8,18.788,0.22944,,,
young,1,1,1,17,3,C,II,9,-97,97.005,-2.78196,,,
young,1,1,1,18,3,C,II,3,8,19.698,0.22944,,,
young,1,1,1,18,3,C,II,6,123,123.102,3.52764,,,
young,1,1,1,18,3,C,II,9,-40,41.231,-1.1472,,,
young,1,1,1,19,3,C,II,3,142,142.014,4.07256,,,
young,1,1,1,19,3,C,II,6,115,115.213,3.2982,,,
young,1,1,1,19,3,C,II,9,89,89.805,2.55252,,,
young,1,1,1,20,3,C,II,3,213,213.009,6.10884,,,
young,1,1,1,20,3,C,II,6,151,151.003,4.33068,,,
young,1,1,1,20,3,C,II,9,159,159.028,4.56012,,,
young,1,1,1,21,3,C,V,3,118,118.343,3.38424,3.43443,,
young,1,1,1,21,3,C,V,6,152,152.118,4.35936,,,
young,1,1,1,21,3,C,V,9,126,126.016,3.61368,,,
young,1,1,1,22,3,C,V,3,62,62.008,1.77816,,,
young,1,1,1,22,3,C,V,6,53,53.009,1.52004,,,
young,1,1,1,22,3,C,V,9,29,29.017,0.83172,,,
young,1,1,1,23,3,C,V,3,254,254.126,7.28472,,,
young,1,1,1,23,3,C,V,6,162,162.049,4.64616,,,
young,1,1,1,23,3,C,V,9,117,117.038,3.35556,,,
young,1,1,1,24,3,C,V,3,133,133.015,3.81444,,,
young,1,1,1,24,3,C,V,6,131,131.244,3.75708,,,
young,1,1,1,24,3,C,V,9,100,100.045,2.868,,,
young,2,1,1,1,3,G,IV,3,170.667,170.714,4.89472956,3.54676,,
young,2,1,1,1,3,G,IV,6,142.666,142.766,4.09166088,,,
young,2,1,1,1,3,G,IV,9,137.334,137.392,3.93873912,,,
young,2,1,1,2,3,G,IV,3,157.334,157.475,4.51233912,,,
young,2,1,1,2,3,G,IV,6,150.666,151.513,4.32110088,,,
young,2,1,1,2,3,G,IV,9,130.667,131.643,3.74752956,,,
young,2,1,1,3,3,G,IV,3,69.333,69.538,1.98847044,,,
young,2,1,1,3,3,G,IV,6,58.667,58.803,1.68256956,,,
young,2,1,1,3,3,G,IV,9,60,60.369,1.7208,,,
young,2,1,1,4,3,G,IV,3,114.666,115.161,3.28862088,,,
young,2,1,1,4,3,G,IV,6,150.667,150.691,4.32112956,,,
young,2,1,1,4,3,G,IV,9,141.333,141.358,4.05343044,,,
young,2,1,1,5,3,G,II,3,132,132.544,3.78576,3.54676,,
young,2,1,1,5,3,G,II,6,185.333,185.41,5.31535044,,,
young,2,1,1,5,3,G,II,9,149.333,149.713,4.28287044,,,
young,2,1,1,6,3,G,II,3,17.334,20.353,0.49713912,,,
young,2,1,1,6,3,G,II,6,189.333,189.802,5.43007044,,,
young,2,1,1,6,3,G,II,9,116,116.764,3.32688,,,
young,2,1,1,7,3,G,II,3,-5.333,8.538,-0.15295044,,,
young,2,1,1,7,3,G,II,6,170.667,170.714,4.89472956,,,
young,2,1,1,7,3,G,II,9,116,116.191,3.32688,,,
young,2,1,1,8,3,G,II,3,197.333,197.554,5.65951044,,,
young,2,1,1,8,3,G,II,6,177.333,177.353,5.08591044,,,
young,2,1,1,8,3,G,II,9,38.667,39.486,1.10896956,,,
young,2,1,1,9,3,G,V,3,156,156.051,4.47408,2.01716,,
young,2,1,1,9,3,G,V,6,154.667,154.719,4.43584956,,,
young,2,1,1,9,3,G,V,9,29.333,29.363,0.84127044,,,
young,2,1,1,10,3,G,V,3,166.667,167.098,4.78000956,,,
young,2,1,1,10,3,G,V,6,-193.333,193.351,-5.54479044,,,
young,2,1,1,10,3,G,V,9,56,56.253,1.60608,,,
young,2,1,1,11,3,G,V,3,96,96.747,2.75328,,,
young,2,1,1,11,3,G,V,6,34.666,34.666,0.99422088,,,
young,2,1,1,11,3,G,V,9,-102.666,102.675,-2.94446088,,,
young,2,1,1,12,3,G,V,3,206.666,206.735,5.92718088,,,
young,2,1,1,12,3,G,V,6,89.334,90.324,2.56209912,,,
young,2,1,1,12,3,G,V,9,150.666,151.988,4.32110088,,,
young,2,1,1,13,3,I,IV,3,133.334,133.999,3.82401912,3.68378826,,
young,2,1,1,13,3,I,IV,6,154.666,154.758,4.43582088,,,
young,2,1,1,13,3,I,IV,9,33.334,34.999,0.95601912,,,
young,2,1,1,14,3,I,IV,3,0,8,0,,,
young,2,1,1,14,3,I,IV,6,105.333,106.014,3.02095044,,,
young,2,1,1,14,3,I,IV,9,189.334,189.376,5.43009912,,,
young,2,1,1,15,3,I,IV,3,190.667,190.784,5.46832956,,,
young,2,1,1,15,3,I,IV,6,86.666,86.922,2.48558088,,,
young,2,1,1,15,3,I,IV,9,184,184.391,5.27712,,,
young,2,1,1,16,3,I,IV,3,185.334,185.722,5.31537912,,,
young,2,1,1,16,3,I,IV,6,161.333,161.333,4.62703044,,,
young,2,1,1,16,3,I,IV,9,117.333,117.605,3.36511044,,,
young,2,1,1,17,3,I,II,3,46.667,47.348,1.33840956,3.76345174,,
young,2,1,1,17,3,I,II,6,84,84.011,2.40912,,,
young,2,1,1,17,3,I,II,9,114.666,115.777,3.28862088,,,
young,2,1,1,18,3,I,II,3,145.333,145.828,4.16815044,,,
young,2,1,1,18,3,I,II,6,178.667,178.712,5.12416956,,,
young,2,1,1,18,3,I,II,9,162.666,162.715,4.66526088,,,
young,2,1,1,19,3,I,II,3,145.334,145.432,4.16817912,,,
young,2,1,1,19,3,I,II,6,153.333,153.542,4.39759044,,,
young,2,1,1,19,3,I,II,9,126.667,127.115,3.63280956,,,
young,2,1,1,20,3,I,II,3,92,92.01,2.63856,,,
young,2,1,1,20,3,I,II,6,168,168.005,4.81824,,,
young,2,1,1,20,3,I,II,9,157.333,157.474,4.51231044,,,
young,2,1,1,21,3,I,V,3,144,144.616,4.12992,2.36132,,
young,2,1,1,21,3,I,V,6,112,112.507,3.21216,,,
young,2,1,1,21,3,I,V,9,181.333,181.411,5.20063044,,,
young,2,1,1,22,3,I,V,3,104,104.307,2.98272,,,
young,2,1,1,22,3,I,V,6,96,96.009,2.75328,,,
young,2,1,1,22,3,I,V,9,80,80,2.2944,,,
young,2,1,1,23,3,I,V,3,114.667,114.737,3.28864956,,,
young,2,1,1,23,3,I,V,6,81.333,81.344,2.33263044,,,
young,2,1,1,23,3,I,V,9,50.667,50.947,1.45312956,,,
young,2,1,1,24,3,I,V,3,-12,12.074,-0.34416,,,
young,2,1,1,24,3,I,V,6,36,36,1.03248,,,
young,2,1,1,24,3,I,V,9,0,13.333,0,,,
young,3,1,1,1,15,B,IV,3,112,112.071,3.21216,2.75965413,,
young,3,1,1,1,15,B,IV,6,56,56.569,1.60608,,,
young,3,1,1,1,15,B,IV,9,141.333,141.358,4.05343044,,,
young,3,1,1,2,15,B,IV,3,25.334,25.334,0.72657912,,,
young,3,1,1,2,15,B,IV,6,101.333,101.473,2.90623044,,,
young,3,1,1,2,15,B,IV,9,130.667,130.912,3.74752956,,,
young,3,1,1,3,15,B,IV,3,93.333,93.941,2.67679044,,,
young,3,1,1,3,15,B,IV,6,81.334,81.345,2.33265912,,,
young,3,1,1,3,15,B,IV,9,73.333,73.333,2.10319044,,,
young,3,1,1,4,15,B,IV,3,128,128.007,3.67104,,,
young,3,1,1,4,15,B,IV,6,129.333,129.395,3.70927044,,,
young,3,1,1,4,15,B,IV,9,82.667,83.533,2.37088956,,,
young,3,1,1,5,15,B,II,3,76,76.942,2.17968,3.29501413,,
young,3,1,1,5,15,B,II,6,74.667,74.857,2.14144956,,,
young,3,1,1,5,15,B,II,9,116,116.764,3.32688,,,
young,3,1,1,6,15,B,II,3,166.666,166.671,4.77998088,,,
young,3,1,1,6,15,B,II,6,150.667,150.814,4.32112956,,,
young,3,1,1,6,15,B,II,9,125.333,125.786,3.59455044,,,
young,3,1,1,7,15,B,II,3,96,97.798,2.75328,,,
young,3,1,1,7,15,B,II,6,129.334,129.773,3.70929912,,,
young,3,1,1,7,15,B,II,9,90.666,91.145,2.60030088,,,
young,3,1,1,8,15,B,II,3,122.667,122.674,3.51808956,,,
young,3,1,1,8,15,B,II,6,152,152.286,4.35936,,,
young,3,1,1,8,15,B,II,9,78.667,78.712,2.25616956,,,
young,3,1,1,9,15,B,V,3,92,93.162,2.63856,3.70609413,,
young,3,1,1,9,15,B,V,6,160,160.006,4.5888,,,
young,3,1,1,9,15,B,V,9,153.334,153.386,4.39761912,,,
young,3,1,1,10,15,B,V,3,113.333,113.333,3.25039044,,,
young,3,1,1,10,15,B,V,6,150.667,150.879,4.32112956,,,
young,3,1,1,10,15,B,V,9,85.333,86.368,2.44735044,,,
young,3,1,1,11,15,B,V,3,146.667,146.818,4.20640956,,,
young,3,1,1,11,15,B,V,6,180,180.044,5.1624,,,
young,3,1,1,11,15,B,V,9,125.333,125.333,3.59455044,,,
young,3,1,1,12,15,B,V,3,156,156.091,4.47408,,,
young,3,1,1,12,15,B,V,6,112,112.032,3.21216,,,
young,3,1,1,12,15,B,V,9,76,76.942,2.17968,,,
young,3,1,1,13,15,C,IV,3,190.666,190.783,5.46830088,3.38742348,,
young,3,1,1,13,15,C,IV,6,130.667,130.694,3.74752956,,,
young,3,1,1,13,15,C,IV,9,13.333,19.821,0.38239044,,,
young,3,1,1,14,15,C,IV,3,88,88.04,2.52384,,,
young,3,1,1,14,15,C,IV,6,100,100.717,2.868,,,
young,3,1,1,14,15,C,IV,9,78.666,79.576,2.25614088,,,
young,3,1,1,15,15,C,IV,3,116,116.764,3.32688,,,
young,3,1,1,15,15,C,IV,6,136,136,3.90048,,,
young,3,1,1,15,15,C,IV,9,129.333,129.669,3.70927044,,,
young,3,1,1,16,15,C,IV,3,168,168.132,4.81824,,,
young,3,1,1,16,15,C,IV,6,125.334,125.511,3.59457912,,,
young,3,1,1,16,15,C,IV,9,141.333,141.49,4.05343044,,,
young,3,1,1,17,15,C,II,3,126.666,126.729,3.63278088,3.98014826,,
young,3,1,1,17,15,C,II,6,102.667,102.676,2.94448956,,,
young,3,1,1,17,15,C,II,9,66.667,68.883,1.91200956,,,
young,3,1,1,18,15,C,II,3,170.667,170.667,4.89472956,,,
young,3,1,1,18,15,C,II,6,124,124.115,3.55632,,,
young,3,1,1,18,15,C,II,9,110.667,111.467,3.17392956,,,
young,3,1,1,19,15,C,II,3,202.667,202.777,5.81248956,,,
young,3,1,1,19,15,C,II,6,160,160.555,4.5888,,,
young,3,1,1,19,15,C,II,9,140,140,4.0152,,,
young,3,1,1,20,15,C,II,3,176,176.045,5.04768,,,
young,3,1,1,20,15,C,II,6,144,144.099,4.12992,,,
young,3,1,1,20,15,C,II,9,141.333,141.39,4.05343044,,,
young,3,1,1,21,15,C,V,3,157.334,157.357,4.51233912,3.99289652,,
young,3,1,1,21,15,C,V,6,120,120.118,3.4416,,,
young,3,1,1,21,15,C,V,9,153.333,153.704,4.39759044,,,
young,3,1,1,22,15,C,V,3,142.666,143.17,4.09166088,,,
young,3,1,1,22,15,C,V,6,80,80.011,2.2944,,,
young,3,1,1,22,15,C,V,9,121.334,121.926,3.47985912,,,
young,3,1,1,23,15,C,V,3,160,160.022,4.5888,,,
young,3,1,1,23,15,C,V,6,145.334,145.725,4.16817912,,,
young,3,1,1,23,15,C,V,9,132,132.007,3.78576,,,
young,3,1,1,24,15,C,V,3,177.333,177.578,5.08591044,,,
young,3,1,1,24,15,C,V,6,148,149.012,4.24464,,,
young,3,1,1,24,15,C,V,9,133.334,134.826,3.82401912,,,
young,4,1,1,1,15,G,IV,3,196,196.29,5.62128,3.48621652,,
young,4,1,1,1,15,G,IV,6,81.334,81.868,2.33265912,,,
young,4,1,1,1,15,G,IV,9,101.333,101.552,2.90623044,,,
young,4,1,1,2,15,G,IV,3,149.334,149.429,4.28289912,,,
young,4,1,1,2,15,G,IV,6,116,116.008,3.32688,,,
young,4,1,1,2,15,G,IV,9,110.666,110.674,3.17390088,,,
young,4,1,1,3,15,G,IV,3,121.334,122.064,3.47985912,,,
young,4,1,1,3,15,G,IV,6,144,144.886,4.12992,,,
young,4,1,1,3,15,G,IV,9,140,140.006,4.0152,,,
young,4,1,1,4,15,G,IV,3,109.334,109.367,3.13569912,,,
young,4,1,1,4,15,G,IV,6,105.333,105.409,3.02095044,,,
young,4,1,1,4,15,G,IV,9,84,84.38,2.40912,,,
young,4,1,1,5,15,G,II,3,214.667,214.704,6.15664956,3.26314587,,
young,4,1,1,5,15,G,II,6,174.666,174.849,5.00942088,,,
young,4,1,1,5,15,G,II,9,165.334,165.382,4.74177912,,,
young,4,1,1,6,15,G,II,3,24,29.605,0.68832,,,
young,4,1,1,6,15,G,II,6,177.333,177.413,5.08591044,,,
young,4,1,1,6,15,G,II,9,140,140.634,4.0152,,,
young,4,1,1,7,15,G,II,3,14.667,15.606,0.42064956,,,
young,4,1,1,7,15,G,II,6,-8,13.334,-0.22944,,,
young,4,1,1,7,15,G,II,9,66.666,67.737,1.91198088,,,
young,4,1,1,8,15,G,II,3,82.667,83.735,2.37088956,,,
young,4,1,1,8,15,G,II,6,173.333,173.354,4.97119044,,,
young,4,1,1,8,15,G,II,9,140,140.057,4.0152,,,
young,4,1,1,9,15,G,V,3,202.667,203.298,5.81248956,4.52506826,,
young,4,1,1,9,15,G,V,6,121.333,121.362,3.47983044,,,
young,4,1,1,9,15,G,V,9,144,144.006,4.12992,,,
young,4,1,1,10,15,G,V,3,194.667,195.323,5.58304956,,,
young,4,1,1,10,15,G,V,6,157.333,157.384,4.51231044,,,
young,4,1,1,10,15,G,V,9,144,144.006,4.12992,,,
young,4,1,1,11,15,G,V,3,198.667,198.828,5.69776956,,,
young,4,1,1,11,15,G,V,6,144,144.154,4.12992,,,
young,4,1,1,11,15,G,V,9,128,128.028,3.67104,,,
young,4,1,1,12,15,G,V,3,157.334,157.34,4.51233912,,,
young,4,1,1,12,15,G,V,6,148,148.216,4.24464,,,
young,4,1,1,12,15,G,V,9,153.333,153.385,4.39759044,,,
young,4,1,1,13,15,I,IV,3,112,112.032,3.21216,3.05600935,,
young,4,1,1,13,15,I,IV,6,114.667,114.675,3.28864956,,,
young,4,1,1,13,15,I,IV,9,117.333,117.454,3.36511044,,,
young,4,1,1,14,15,I,IV,3,16,23.589,0.45888,,,
young,4,1,1,14,15,I,IV,6,150.666,150.878,4.32110088,,,
young,4,1,1,14,15,I,IV,9,104,104.307,2.98272,,,
young,4,1,1,15,15,I,IV,3,186.667,187.143,5.35360956,,,
young,4,1,1,15,15,I,IV,6,146.666,146.721,4.20638088,,,
young,4,1,1,15,15,I,IV,9,124,124,3.55632,,,
young,4,1,1,16,15,I,IV,3,32,32,0.91776,,,
young,4,1,1,16,15,I,IV,6,102.666,103.905,2.94446088,,,
young,4,1,1,16,15,I,IV,9,72,72,2.06496,,,
young,4,1,1,17,15,I,II,3,53.333,55.681,1.52959044,2.48878826,,
young,4,1,1,17,15,I,II,6,108,108.206,3.09744,,,
young,4,1,1,17,15,I,II,9,109.334,109.367,3.13569912,,,
young,4,1,1,18,15,I,II,3,60,60.369,1.7208,,,
young,4,1,1,18,15,I,II,6,134.667,134.693,3.86224956,,,
young,4,1,1,18,15,I,II,9,113.333,113.364,3.25039044,,,
young,4,1,1,19,15,I,II,3,128,128.34,3.67104,,,
young,4,1,1,19,15,I,II,6,-20,20.177,-0.5736,,,
young,4,1,1,19,15,I,II,9,120,120.03,3.4416,,,
young,4,1,1,20,15,I,II,3,93.334,93.42,2.67681912,,,
young,4,1,1,20,15,I,II,6,52,52.612,1.49136,,,
young,4,1,1,20,15,I,II,9,89.333,90.135,2.56207044,,,
young,4,1,1,21,15,I,V,3,178.666,178.666,5.12414088,3.77301174,,
young,4,1,1,21,15,I,V,6,170.667,171,4.89472956,,,
young,4,1,1,21,15,I,V,9,142.667,142.823,4.09168956,,,
young,4,1,1,22,15,I,V,3,153.333,153.426,4.39759044,,,
young,4,1,1,22,15,I,V,6,200,200.004,5.736,,,
young,4,1,1,22,15,I,V,9,45.334,45.354,1.30017912,,,
young,4,1,1,23,15,I,V,3,128,128.007,3.67104,,,
young,4,1,1,23,15,I,V,6,94.666,94.666,2.71502088,,,
young,4,1,1,23,15,I,V,9,100,100.009,2.868,,,
young,4,1,1,24,15,I,V,3,180,180.4,5.1624,,,
young,4,1,1,24,15,I,V,6,122.666,122.695,3.51806088,,,
young,4,1,1,24,15,I,V,9,62.667,68.638,1.79728956,,,
young,5,1,1,1,19,B,IV,3,62.667,63.176,1.79728956,2.38681652,,
young,5,1,1,1,19,B,IV,6,125.333,125.51,3.59455044,,,
young,5,1,1,1,19,B,IV,9,36,39.395,1.03248,,,
young,5,1,1,2,19,B,IV,3,18.667,20.309,0.53536956,,,
young,5,1,1,2,19,B,IV,6,77.333,77.746,2.21791044,,,
young,5,1,1,2,19,B,IV,9,54.667,55.072,1.56784956,,,
young,5,1,1,3,19,B,IV,3,105.334,105.637,3.02097912,,,
young,5,1,1,3,19,B,IV,6,116,116.008,3.32688,,,
young,5,1,1,3,19,B,IV,9,121.333,121.516,3.47983044,,,
young,5,1,1,4,19,B,IV,3,86.667,86.708,2.48560956,,,
young,5,1,1,4,19,B,IV,6,70.667,70.68,2.02672956,,,
young,5,1,1,4,19,B,IV,9,124,124.064,3.55632,,,
young,5,1,1,5,19,B,II,3,97.333,97.342,2.79151044,2.58757174,,
young,5,1,1,5,19,B,II,6,110.667,110.739,3.17392956,,,
young,5,1,1,5,19,B,II,9,56,56.143,1.60608,,,
young,5,1,1,6,19,B,II,3,52,54.029,1.49136,,,
young,5,1,1,6,19,B,II,6,118.666,118.673,3.40334088,,,
young,5,1,1,6,19,B,II,9,134.667,134.726,3.86224956,,,
young,5,1,1,7,19,B,II,3,116,117.712,3.32688,,,
young,5,1,1,7,19,B,II,6,133.333,133.393,3.82399044,,,
young,5,1,1,7,19,B,II,9,140,140.006,4.0152,,,
young,5,1,1,8,19,B,II,3,56,56.016,1.60608,,,
young,5,1,1,8,19,B,II,6,29.333,29.363,0.84127044,,,
young,5,1,1,8,19,B,II,9,38.667,38.759,1.10896956,,,
young,5,1,1,9,19,B,V,3,102.667,102.745,2.94448956,2.86800239,,
young,5,1,1,9,19,B,V,6,106.666,106.674,3.05918088,,,
young,5,1,1,9,19,B,V,9,70.667,72.762,2.02672956,,,
young,5,1,1,10,19,B,V,3,90.667,90.677,2.60032956,,,
young,5,1,1,10,19,B,V,6,149.333,149.387,4.28287044,,,
young,5,1,1,10,19,B,V,9,133.334,133.873,3.82401912,,,
young,5,1,1,11,19,B,V,3,129.333,129.34,3.70927044,,,
young,5,1,1,11,19,B,V,6,141.333,141.559,4.05343044,,,
young,5,1,1,11,19,B,V,9,30.667,30.667,0.87952956,,,
young,5,1,1,12,19,B,V,3,45.334,49.027,1.30017912,,,
young,5,1,1,12,19,B,V,6,110.666,110.674,3.17390088,,,
young,5,1,1,12,19,B,V,9,89.334,89.344,2.56209912,,,
young,5,1,1,13,19,C,IV,3,101.334,101.343,2.90625912,3.00184,,
young,5,1,1,13,19,C,IV,6,133.333,133.5,3.82399044,,,
young,5,1,1,13,19,C,IV,9,104,104.077,2.98272,,,
young,5,1,1,14,19,C,IV,3,98.667,98.676,2.82976956,,,
young,5,1,1,14,19,C,IV,6,108,108.008,3.09744,,,
young,5,1,1,14,19,C,IV,9,102.666,102.701,2.94446088,,,
young,5,1,1,15,19,C,IV,3,62.667,62.724,1.79728956,,,
young,5,1,1,15,19,C,IV,6,106.666,106.699,3.05918088,,,
young,5,1,1,15,19,C,IV,9,126.667,126.674,3.63280956,,,
young,5,1,1,16,19,C,IV,3,110.667,111.06,3.17392956,,,
young,5,1,1,16,19,C,IV,6,66.667,67.317,1.91200956,,,
young,5,1,1,16,19,C,IV,9,134.666,135.088,3.86222088,,,
young,5,1,1,17,19,C,II,3,77.333,77.333,2.21791044,2.22429413,,
young,5,1,1,17,19,C,II,6,64,64.222,1.83552,,,
young,5,1,1,17,19,C,II,9,26.667,28.253,0.76480956,,,
young,5,1,1,18,19,C,II,3,104,104,2.98272,,,
young,5,1,1,18,19,C,II,6,126.667,126.695,3.63280956,,,
young,5,1,1,18,19,C,II,9,126.667,127.01,3.63280956,,,
young,5,1,1,19,19,C,II,3,128,128.028,3.67104,,,
young,5,1,1,19,19,C,II,6,141.333,141.339,4.05343044,,,
young,5,1,1,19,19,C,II,9,136,136.026,3.90048,,,
young,5,1,1,20,19,C,II,3,0,0,0,,,
young,5,1,1,20,19,C,II,6,0,0,0,,,
young,5,1,1,20,19,C,II,9,0,0,0,,,
young,5,1,1,21,19,C,V,3,90.667,91.146,2.60032956,2.43780478,,
young,5,1,1,21,19,C,V,6,133.333,133.36,3.82399044,,,
young,5,1,1,21,19,C,V,9,118.667,118.787,3.40336956,,,
young,5,1,1,22,19,C,V,3,104,104,2.98272,,,
young,5,1,1,22,19,C,V,6,57.333,59.896,1.64431044,,,
young,5,1,1,22,19,C,V,9,113.334,113.405,3.25041912,,,
young,5,1,1,23,19,C,V,3,101.334,101.343,2.90625912,,,
young,5,1,1,23,19,C,V,6,77.333,77.436,2.21791044,,,
young,5,1,1,23,19,C,V,9,-105.333,106.349,-3.02095044,,,
young,5,1,1,24,19,C,V,3,105.334,105.368,3.02097912,,,
young,5,1,1,24,19,C,V,6,116,116.123,3.32688,,,
young,5,1,1,24,19,C,V,9,108,108.403,3.09744,,,
young,6,1,1,1,19,G,IV,3,158.666,158.672,4.55054088,4.27332,,
young,6,1,1,1,19,G,IV,6,161.334,161.472,4.62705912,,,
young,6,1,1,1,19,G,IV,9,144,144.025,4.12992,,,
young,6,1,1,2,19,G,IV,3,164,164.195,4.70352,,,
young,6,1,1,2,19,G,IV,6,145.333,145.553,4.16815044,,,
young,6,1,1,2,19,G,IV,9,120,120.118,3.4416,,,
young,6,1,1,3,19,G,IV,3,145.333,145.339,4.16815044,,,
young,6,1,1,3,19,G,IV,6,136,137.1,3.90048,,,
young,6,1,1,3,19,G,IV,9,158.667,158.673,4.55056956,,,
young,6,1,1,4,19,G,IV,3,170.667,170.672,4.89472956,,,
young,6,1,1,4,19,G,IV,6,152,152.094,4.35936,,,
young,6,1,1,4,19,G,IV,9,132,132.007,3.78576,,,
young,6,1,1,5,19,G,II,3,178.666,178.671,5.12414088,4.43902587,,
young,6,1,1,5,19,G,II,6,170.667,170.672,4.89472956,,,
young,6,1,1,5,19,G,II,9,130.667,130.728,3.74752956,,,
young,6,1,1,6,19,G,II,3,117.333,117.341,3.36511044,,,
young,6,1,1,6,19,G,II,6,136,136.026,3.90048,,,
young,6,1,1,6,19,G,II,9,146.667,146.667,4.20640956,,,
young,6,1,1,7,19,G,II,3,189.333,189.333,5.43007044,,,
young,6,1,1,7,19,G,II,6,158.667,158.807,4.55056956,,,
young,6,1,1,7,19,G,II,9,133.333,133.393,3.82399044,,,
young,6,1,1,8,19,G,II,3,189.333,189.563,5.43007044,,,
young,6,1,1,8,19,G,II,6,162.667,162.672,4.66528956,,,
young,6,1,1,8,19,G,II,9,144,144.025,4.12992,,,
young,6,1,1,9,19,G,V,3,160,160.139,4.5888,4.19046826,,
young,6,1,1,9,19,G,V,6,137.333,137.391,3.93871044,,,
young,6,1,1,9,19,G,V,9,134.667,134.667,3.86224956,,,
young,6,1,1,10,19,G,V,3,148,148.006,4.24464,,,
young,6,1,1,10,19,G,V,6,142.667,142.723,4.09168956,,,
young,6,1,1,10,19,G,V,9,117.333,117.363,3.36511044,,,
young,6,1,1,11,19,G,V,3,150.667,150.761,4.32112956,,,
young,6,1,1,11,19,G,V,6,126.667,126.674,3.63280956,,,
young,6,1,1,11,19,G,V,9,125.333,125.397,3.59455044,,,
young,6,1,1,12,19,G,V,3,190.667,190.742,5.46832956,,,
young,6,1,1,12,19,G,V,6,169.333,169.333,4.85647044,,,
young,6,1,1,12,19,G,V,9,150.667,151.044,4.32112956,,,
young,6,1,1,13,19,I,IV,3,80,81.584,2.2944,3.47028239,,
young,6,1,1,13,19,I,IV,6,136,136.026,3.90048,,,
young,6,1,1,13,19,I,IV,9,108,108,3.09744,,,
young,6,1,1,14,19,I,IV,3,204,204.353,5.85072,,,
young,6,1,1,14,19,I,IV,6,120,120.118,3.4416,,,
young,6,1,1,14,19,I,IV,9,129.334,129.444,3.70929912,,,
young,6,1,1,15,19,I,IV,3,184,184.043,5.27712,,,
young,6,1,1,15,19,I,IV,6,181.334,181.647,5.20065912,,,
young,6,1,1,15,19,I,IV,9,97.333,97.37,2.79151044,,,
young,6,1,1,16,19,I,IV,3,82.666,84.2,2.37086088,,,
young,6,1,1,16,19,I,IV,6,64,64.677,1.83552,,,
young,6,1,1,16,19,I,IV,9,65.334,65.334,1.87377912,,,
young,6,1,1,17,19,I,II,3,12,12.074,0.34416,2.90942826,,
young,6,1,1,17,19,I,II,6,21.333,21.333,0.61183044,,,
young,6,1,1,17,19,I,II,9,10.667,10.667,0.30592956,,,
young,6,1,1,18,19,I,II,3,133.334,133.361,3.82401912,,,
young,6,1,1,18,19,I,II,6,98.666,99.107,2.82974088,,,
young,6,1,1,18,19,I,II,9,82.667,82.678,2.37088956,,,
young,6,1,1,19,19,I,II,3,156,156,4.47408,,,
young,6,1,1,19,19,I,II,6,150.667,150.814,4.32112956,,,
young,6,1,1,19,19,I,II,9,142.666,142.89,4.09166088,,,
young,6,1,1,20,19,I,II,3,132,132.242,3.78576,,,
young,6,1,1,20,19,I,II,6,146.667,146.764,4.20640956,,,
young,6,1,1,20,19,I,II,9,130.667,130.667,3.74752956,,,
young,6,1,1,21,19,I,V,3,160,160.05,4.5888,4.22870587,,
young,6,1,1,21,19,I,V,6,128,128.173,3.67104,,,
young,6,1,1,21,19,I,V,9,125.333,125.34,3.59455044,,,
young,6,1,1,22,19,I,V,3,150.666,151.255,4.32110088,,,
young,6,1,1,22,19,I,V,6,132,132.108,3.78576,,,
young,6,1,1,22,19,I,V,9,161.334,161.532,4.62705912,,,
young,6,1,1,23,19,I,V,3,185.333,185.333,5.31535044,,,
young,6,1,1,23,19,I,V,6,178.667,178.791,5.12416956,,,
young,6,1,1,23,19,I,V,9,152,152.006,4.35936,,,
young,6,1,1,24,19,I,V,3,128,128.173,3.67104,,,
young,6,1,1,24,19,I,V,6,140,140.006,4.0152,,,
young,6,1,1,24,19,I,V,9,128,128.34,3.67104,,,
old,12,1,1,1,19,G,IV,3,-8,9.615,-0.2256,3.1897302,,
old,12,1,1,1,19,G,IV,6,76,76.047,2.1432,,,
old,12,1,1,1,19,G,IV,9,65.333,65.455,1.8423906,,,
old,12,1,1,2,19,G,IV,3,145.334,145.358,4.0984188,,,
old,12,1,1,2,19,G,IV,6,125.333,125.588,3.5343906,,,
old,12,1,1,2,19,G,IV,9,125.333,126.188,3.5343906,,,
old,12,1,1,3,19,G,IV,3,144,144.745,4.0608,,,
old,12,1,1,3,19,G,IV,6,140,140.159,3.948,,,
old,12,1,1,3,19,G,IV,9,121.333,121.34,3.4215906,,,
old,12,1,1,4,19,G,IV,3,172,172.871,4.8504,,,
old,12,1,1,4,19,G,IV,6,126.666,126.841,3.5719812,,,
old,12,1,1,4,19,G,IV,9,124,124.579,3.4968,,,
old,12,1,1,5,19,G,II,3,94.667,95.266,2.6696094,3.28999765,,
old,12,1,1,5,19,G,II,6,57.333,59.179,1.6167906,,,
old,12,1,1,5,19,G,II,9,156,156,4.3992,,,
old,12,1,1,6,19,G,II,3,49.333,49.351,1.3911906,,,
old,12,1,1,6,19,G,II,6,118.667,118.936,3.3464094,,,
old,12,1,1,6,19,G,II,9,74.667,76.362,2.1056094,,,
old,12,1,1,7,19,G,II,3,149.333,149.927,4.2111906,,,
old,12,1,1,7,19,G,II,6,132,132.672,3.7224,,,
old,12,1,1,7,19,G,II,9,137.333,137.437,3.8727906,,,
old,12,1,1,8,19,G,II,3,65.333,65.55,1.8423906,,,
old,12,1,1,8,19,G,II,6,228,228,6.4296,,,
old,12,1,1,8,19,G,II,9,137.333,137.391,3.8727906,,,
old,12,1,1,9,19,G,V,3,181.333,181.411,5.1135906,3.38086275,,
old,12,1,1,9,19,G,V,6,165.333,165.677,4.6623906,,,
old,12,1,1,9,19,G,V,9,138.667,138.981,3.9104094,,,
old,12,1,1,10,19,G,V,3,100,100.08,2.82,,,
old,12,1,1,10,19,G,V,6,285.333,285.532,8.0463906,,,
old,12,1,1,10,19,G,V,9,20,31.241,0.564,,,
old,12,1,1,11,19,G,V,3,169.333,169.354,4.7751906,,,
old,12,1,1,11,19,G,V,6,156,156.023,4.3992,,,
old,12,1,1,11,19,G,V,9,153.333,153.802,4.3239906,,,
old,12,1,1,12,19,G,V,3,-1.333,13.399,-0.0375906,,,
old,12,1,1,12,19,G,V,6,50.666,51.294,1.4287812,,,
old,12,1,1,12,19,G,V,9,20,22.667,0.564,,,
old,12,1,1,13,19,I,IV,3,81.334,81.378,2.2936188,2.0272698,,
old,12,1,1,13,19,I,IV,6,148,149.53,4.1736,,,
old,12,1,1,13,19,I,IV,9,128,128.173,3.6096,,,
old,12,1,1,14,19,I,IV,3,37.333,37.547,1.0527906,,,
old,12,1,1,14,19,I,IV,6,90.667,90.706,2.5568094,,,
old,12,1,1,14,19,I,IV,9,96,96,2.7072,,,
old,12,1,1,15,19,I,IV,3,44,48.332,1.2408,,,
old,12,1,1,15,19,I,IV,6,50.667,53.996,1.4288094,,,
old,12,1,1,15,19,I,IV,9,76,76.105,2.1432,,,
old,12,1,1,16,19,I,IV,3,44,44.502,1.2408,,,
old,12,1,1,16,19,I,IV,6,38.667,39.777,1.0904094,,,
old,12,1,1,16,19,I,IV,9,28,28.503,0.7896,,,
old,12,1,1,17,19,I,II,3,217.333,217.48,6.1287906,3.45293255,,
old,12,1,1,17,19,I,II,6,118.667,118.697,3.3464094,,,
old,12,1,1,17,19,I,II,9,132,132.007,3.7224,,,
old,12,1,1,18,19,I,II,3,160,160.089,4.512,,,
old,12,1,1,18,19,I,II,6,117.333,117.333,3.3087906,,,
old,12,1,1,18,19,I,II,9,121.333,121.516,3.4215906,,,
old,12,1,1,19,19,I,II,3,125.333,125.588,3.5343906,,,
old,12,1,1,19,19,I,II,6,121.334,121.802,3.4216188,,,
old,12,1,1,19,19,I,II,9,30.666,41.526,0.8647812,,,
old,12,1,1,20,19,I,II,3,144,144.154,4.0608,,,
old,12,1,1,20,19,I,II,6,76,79.308,2.1432,,,
old,12,1,1,20,19,I,II,9,105.334,105.469,2.9704188,,,
old,12,1,1,21,19,I,V,3,10.667,13.334,0.3008094,0.6799349,,
old,12,1,1,21,19,I,V,6,49.333,49.621,1.3911906,,,
old,12,1,1,21,19,I,V,9,93.333,93.343,2.6319906,,,
old,12,1,1,22,19,I,V,3,0,9.334,0,,,
old,12,1,1,22,19,I,V,6,97.334,97.662,2.7448188,,,
old,12,1,1,22,19,I,V,9,-96,96.037,-2.7072,,,
old,12,1,1,23,19,I,V,3,8,14.422,0.2256,,,
old,12,1,1,23,19,I,V,6,10.667,14.174,0.3008094,,,
old,12,1,1,23,19,I,V,9,-12,16.971,-0.3384,,,
old,12,1,1,24,19,I,V,3,5.333,9.615,0.1503906,,,
old,12,1,1,24,19,I,V,6,64,65.115,1.8048,,,
old,12,1,1,24,19,I,V,9,58.667,59.882,1.6544094,,,
old,1,1,1,1,3,B,IV,3,6.667,11.47,0.1880094,2.2936,,
old,1,1,1,1,3,B,IV,6,116,116.489,3.2712,,,
old,1,1,1,1,3,B,IV,9,93.333,93.675,2.6319906,,,
old,1,1,1,2,3,B,IV,3,112,112.388,3.1584,,,
old,1,1,1,2,3,B,IV,6,122.666,123.252,3.4591812,,,
old,1,1,1,2,3,B,IV,9,141.334,141.34,3.9856188,,,
old,1,1,1,3,3,B,IV,3,166.667,166.715,4.7000094,,,
old,1,1,1,3,3,B,IV,6,-184,184.483,-5.1888,,,
old,1,1,1,3,3,B,IV,9,110.666,111.059,3.1207812,,,
old,1,1,1,4,3,B,IV,3,108,108.008,3.0456,,,
old,1,1,1,4,3,B,IV,6,97.333,97.479,2.7447906,,,
old,1,1,1,4,3,B,IV,9,85.334,86.369,2.4064188,,,
old,1,1,1,5,3,B,II,3,105.333,105.746,2.9703906,2.73226745,,
old,1,1,1,5,3,B,II,6,102.667,102.667,2.8952094,,,
old,1,1,1,5,3,B,II,9,14.667,26.998,0.4136094,,,
old,1,1,1,6,3,B,II,3,133.333,133.34,3.7599906,,,
old,1,1,1,6,3,B,II,6,137.333,137.359,3.8727906,,,
old,1,1,1,6,3,B,II,9,110.667,111.06,3.1208094,,,
old,1,1,1,7,3,B,II,3,88,88.04,2.4816,,,
old,1,1,1,7,3,B,II,6,117.334,117.523,3.3088188,,,
old,1,1,1,7,3,B,II,9,62.666,63.357,1.7671812,,,
old,1,1,1,8,3,B,II,3,126.667,126.674,3.5720094,,,
old,1,1,1,8,3,B,II,6,77.333,77.344,2.1807906,,,
old,1,1,1,8,3,B,II,9,86.667,87.035,2.4440094,,,
old,1,1,1,9,3,B,V,3,124,124.029,3.4968,2.24346275,,
old,1,1,1,9,3,B,V,6,142.667,142.723,4.0232094,,,
old,1,1,1,9,3,B,V,9,126.666,126.694,3.5719812,,,
old,1,1,1,10,3,B,V,3,148,148.216,4.1736,,,
old,1,1,1,10,3,B,V,6,154.667,157.181,4.3616094,,,
old,1,1,1,10,3,B,V,9,94.666,94.666,2.6695812,,,
old,1,1,1,11,3,B,V,3,4,12.649,0.1128,,,
old,1,1,1,11,3,B,V,6,68,68.118,1.9176,,,
old,1,1,1,11,3,B,V,9,113.333,113.364,3.1959906,,,
old,1,1,1,12,3,B,V,3,61.333,61.333,1.7295906,,,
old,1,1,1,12,3,B,V,6,56,56.016,1.5792,,,
old,1,1,1,12,3,B,V,9,-138.667,138.898,-3.9104094,,,
old,1,1,1,13,3,C,IV,3,86.666,86.676,2.4439812,3.43413255,,
old,1,1,1,13,3,C,IV,6,133.334,133.441,3.7600188,,,
old,1,1,1,13,3,C,IV,9,142.666,142.722,4.0231812,,,
old,1,1,1,14,3,C,IV,3,125.333,125.446,3.5343906,,,
old,1,1,1,14,3,C,IV,6,105.334,105.41,2.9704188,,,
old,1,1,1,14,3,C,IV,9,104,104.009,2.9328,,,
old,1,1,1,15,3,C,IV,3,133.334,133.361,3.7600188,,,
old,1,1,1,15,3,C,IV,6,109.333,109.731,3.0831906,,,
old,1,1,1,15,3,C,IV,9,101.333,101.368,2.8575906,,,
old,1,1,1,16,3,C,IV,3,161.333,162.409,4.5495906,,,
old,1,1,1,16,3,C,IV,6,137.334,137.438,3.8728188,,,
old,1,1,1,16,3,C,IV,9,121.333,121.801,3.4215906,,,
old,1,1,1,17,3,C,II,3,56,56.143,1.5792,2.1432,,
old,1,1,1,17,3,C,II,6,80,80.399,2.256,,,
old,1,1,1,17,3,C,II,9,96,97.324,2.7072,,,
old,1,1,1,18,3,C,II,3,161.333,161.339,4.5495906,,,
old,1,1,1,18,3,C,II,6,136,136.026,3.8352,,,
old,1,1,1,18,3,C,II,9,142.667,142.667,4.0232094,,,
old,1,1,1,19,3,C,II,3,108,108.008,3.0456,,,
old,1,1,1,19,3,C,II,6,106.667,106.7,3.0080094,,,
old,1,1,1,19,3,C,II,9,18.666,19.821,0.5263812,,,
old,1,1,1,20,3,C,II,3,13.334,14.908,0.3760188,,,
old,1,1,1,20,3,C,II,6,-9.334,9.429,-0.2632188,,,
old,1,1,1,20,3,C,II,9,2.667,2.667,0.0752094,,,
old,1,1,1,21,3,C,V,3,122.666,122.782,3.4591812,2.61006275,,
old,1,1,1,21,3,C,V,6,101.334,101.343,2.8576188,,,
old,1,1,1,21,3,C,V,9,113.333,113.364,3.1959906,,,
old,1,1,1,22,3,C,V,3,32,33.333,0.9024,,,
old,1,1,1,22,3,C,V,6,85.333,86.82,2.4063906,,,
old,1,1,1,22,3,C,V,9,92,92.154,2.5944,,,
old,1,1,1,23,3,C,V,3,116,116.123,3.2712,,,
old,1,1,1,23,3,C,V,6,109.333,109.625,3.0831906,,,
old,1,1,1,23,3,C,V,9,88,88,2.4816,,,
old,1,1,1,24,3,C,V,3,72,72.603,2.0304,,,
old,1,1,1,24,3,C,V,6,86.666,87.034,2.4439812,,,
old,1,1,1,24,3,C,V,9,92,92.347,2.5944,,,
old,2,1,1,1,3,G,IV,3,33.333,33.333,0.9399906,1.33479765,,
old,2,1,1,1,3,G,IV,6,53.333,53.599,1.5039906,,,
old,2,1,1,1,3,G,IV,9,65.334,65.348,1.8424188,,,
old,2,1,1,2,3,G,IV,3,36,37.547,1.0152,,,
old,2,1,1,2,3,G,IV,6,30.667,30.696,0.8648094,,,
old,2,1,1,2,3,G,IV,9,38.666,38.689,1.0903812,,,
old,2,1,1,3,3,G,IV,3,90.667,91.292,2.5568094,,,
old,2,1,1,3,3,G,IV,6,40,44.721,1.128,,,
old,2,1,1,3,3,G,IV,9,61.333,62.496,1.7295906,,,
old,2,1,1,4,3,G,IV,3,2.666,8.433,0.0751812,,,
old,2,1,1,4,3,G,IV,6,52,53.083,1.4664,,,
old,2,1,1,4,3,G,IV,9,64,64.883,1.8048,,,
old,2,1,1,5,3,G,II,3,110.667,111.18,3.1208094,2.7040651,,
old,2,1,1,5,3,G,II,6,161.333,162.409,4.5495906,,,
old,2,1,1,5,3,G,II,9,161.333,161.779,4.5495906,,,
old,2,1,1,6,3,G,II,3,112,112.791,3.1584,,,
old,2,1,1,6,3,G,II,6,49.334,50.209,1.3912188,,,
old,2,1,1,6,3,G,II,9,50.666,50.946,1.4287812,,,
old,2,1,1,7,3,G,II,3,126.666,126.729,3.5719812,,,
old,2,1,1,7,3,G,II,6,137.334,137.36,3.8728188,,,
old,2,1,1,7,3,G,II,9,98.666,99.106,2.7823812,,,
old,2,1,1,8,3,G,II,3,8,9.615,0.2256,,,
old,2,1,1,8,3,G,II,6,52,52.154,1.4664,,,
old,2,1,1,8,3,G,II,9,82.667,82.678,2.3312094,,,
old,2,1,1,9,3,G,V,3,144,144.025,4.0608,1.6575302,,
old,2,1,1,9,3,G,V,6,104,104.213,2.9328,,,
old,2,1,1,9,3,G,V,9,113.333,114.457,3.1959906,,,
old,2,1,1,10,3,G,V,3,-8,9.615,-0.2256,,,
old,2,1,1,10,3,G,V,6,17.333,19.09,0.4887906,,,
old,2,1,1,10,3,G,V,9,116,116.031,3.2712,,,
old,2,1,1,11,3,G,V,3,48,48.166,1.3536,,,
old,2,1,1,11,3,G,V,6,49.333,49.351,1.3911906,,,
old,2,1,1,11,3,G,V,9,93.333,93.333,2.6319906,,,
old,2,1,1,12,3,G,V,3,17.333,18.571,0.4887906,,,
old,2,1,1,12,3,G,V,6,0,17.333,0,,,
old,2,1,1,12,3,G,V,9,10.667,10.667,0.3008094,,,
old,2,1,1,13,3,I,IV,3,53.334,55.682,1.5040188,1.7045349,,
old,2,1,1,13,3,I,IV,6,93.333,93.333,2.6319906,,,
old,2,1,1,13,3,I,IV,9,65.333,66.198,1.8423906,,,
old,2,1,1,14,3,I,IV,3,17.334,17.538,0.4888188,,,
old,2,1,1,14,3,I,IV,6,24,24.331,0.6768,,,
old,2,1,1,14,3,I,IV,9,68,68.013,1.9176,,,
old,2,1,1,15,3,I,IV,3,26.666,26.799,0.7519812,,,
old,2,1,1,15,3,I,IV,6,48,48.166,1.3536,,,
old,2,1,1,15,3,I,IV,9,-22.666,23.016,-0.6391812,,,
old,2,1,1,16,3,I,IV,3,122.667,122.928,3.4592094,,,
old,2,1,1,16,3,I,IV,6,130.666,130.693,3.6847812,,,
old,2,1,1,16,3,I,IV,9,98.667,98.748,2.7824094,,,
old,2,1,1,17,3,I,II,3,25.333,25.368,0.7143906,1.82673255,,
old,2,1,1,17,3,I,II,6,62.667,64.07,1.7672094,,,
old,2,1,1,17,3,I,II,9,58.667,59.21,1.6544094,,,
old,2,1,1,18,3,I,II,3,14.666,16.706,0.4135812,,,
old,2,1,1,18,3,I,II,6,81.334,81.607,2.2936188,,,
old,2,1,1,18,3,I,II,9,129.333,129.669,3.6471906,,,
old,2,1,1,19,3,I,II,3,169.333,169.522,4.7751906,,,
old,2,1,1,19,3,I,II,6,112,112.032,3.1584,,,
old,2,1,1,19,3,I,II,9,94.667,94.705,2.6696094,,,
old,2,1,1,20,3,I,II,3,10.667,13.334,0.3008094,,,
old,2,1,1,20,3,I,II,6,4,15.203,0.1128,,,
old,2,1,1,20,3,I,II,9,14.666,14.726,0.4135812,,,
old,2,1,1,21,3,I,V,3,2.667,8.433,0.0752094,0.55773725,,
old,2,1,1,21,3,I,V,6,0,9.333,0,,,
old,2,1,1,21,3,I,V,9,-9.333,22.07,-0.2631906,,,
old,2,1,1,22,3,I,V,3,82.667,83.352,2.3312094,,,
old,2,1,1,22,3,I,V,6,56,56.016,1.5792,,,
old,2,1,1,22,3,I,V,9,41.333,41.867,1.1655906,,,
old,2,1,1,23,3,I,V,3,13.334,13.921,0.3760188,,,
old,2,1,1,23,3,I,V,6,12,17.938,0.3384,,,
old,2,1,1,23,3,I,V,9,8,8,0.2256,,,
old,2,1,1,24,3,I,V,3,5.333,14.36,0.1503906,,,
old,2,1,1,24,3,I,V,6,9.334,9.334,0.2632188,,,
old,2,1,1,24,3,I,V,9,16,16.492,0.4512,,,
old,3,1,1,1,15,B,IV,3,132,132.027,3.7224,-0.4449302,,
old,3,1,1,1,15,B,IV,6,-114.666,117.431,-3.2335812,,,
old,3,1,1,1,15,B,IV,9,-16,45.568,-0.4512,,,
old,3,1,1,2,15,B,IV,3,66.667,69.602,1.8800094,,,
old,3,1,1,2,15,B,IV,6,66.666,66.879,1.8799812,,,
old,3,1,1,2,15,B,IV,9,-270.666,271.063,-7.6327812,,,
old,3,1,1,3,15,B,IV,3,-5.333,13.132,-0.1503906,,,
old,3,1,1,3,15,B,IV,6,-5.334,10.751,-0.1504188,,,
old,3,1,1,3,15,B,IV,9,73.334,90.677,2.0680188,,,
old,3,1,1,4,15,B,IV,3,44,44.181,1.2408,,,
old,3,1,1,4,15,B,IV,6,50.667,51.295,1.4288094,,,
old,3,1,1,4,15,B,IV,9,-210.667,210.772,-5.9408094,,,
old,3,1,1,5,15,B,II,3,48,49.477,1.3536,-0.6517302,,
old,3,1,1,5,15,B,II,6,12,12,0.3384,,,
old,3,1,1,5,15,B,II,9,-137.333,137.747,-3.8727906,,,
old,3,1,1,6,15,B,II,3,84,84.011,2.3688,,,
old,3,1,1,6,15,B,II,6,70.666,71.467,1.9927812,,,
old,3,1,1,6,15,B,II,9,-309.333,309.979,-8.7231906,,,
old,3,1,1,7,15,B,II,3,50.667,50.825,1.4288094,,,
old,3,1,1,7,15,B,II,6,84,84.264,2.3688,,,
old,3,1,1,7,15,B,II,9,-69.333,74.773,-1.9551906,,,
old,3,1,1,8,15,B,II,3,29.334,29.605,0.8272188,,,
old,3,1,1,8,15,B,II,6,21.333,21.989,0.6015906,,,
old,3,1,1,8,15,B,II,9,-161.333,163.978,-4.5495906,,,
old,3,1,1,9,15,B,V,3,5.333,6.666,0.1503906,-0.04386745,,
old,3,1,1,9,15,B,V,6,2.667,7.181,0.0752094,,,
old,3,1,1,9,15,B,V,9,-9.333,30.782,-0.2631906,,,
old,3,1,1,10,15,B,V,3,9.333,9.428,0.2631906,,,
old,3,1,1,10,15,B,V,6,20,24.037,0.564,,,
old,3,1,1,10,15,B,V,9,-24,43.267,-0.6768,,,
old,3,1,1,11,15,B,V,3,-1.334,10.75,-0.0376188,,,
old,3,1,1,11,15,B,V,6,0,6.667,0,,,
old,3,1,1,11,15,B,V,9,-17.333,44.82,-0.4887906,,,
old,3,1,1,12,15,B,V,3,-1.333,2.982,-0.0375906,,,
old,3,1,1,12,15,B,V,6,-1.333,1.333,-0.0375906,,,
old,3,1,1,12,15,B,V,9,-1.334,37.357,-0.0376188,,,
old,3,1,1,13,15,C,IV,3,-5.333,6.666,-0.1503906,0.0031349,,
old,3,1,1,13,15,C,IV,6,0,2.666,0,,,
old,3,1,1,13,15,C,IV,9,1.333,26.7,0.0375906,,,
old,3,1,1,14,15,C,IV,3,9.333,12.292,0.2631906,,,
old,3,1,1,14,15,C,IV,6,22.667,22.823,0.6392094,,,
old,3,1,1,14,15,C,IV,9,-24,47.796,-0.6768,,,
old,3,1,1,15,15,C,IV,3,-8,8,-0.2256,,,
old,3,1,1,15,15,C,IV,6,1.333,4.216,0.0375906,,,
old,3,1,1,15,15,C,IV,9,-1.333,34.692,-0.0375906,,,
old,3,1,1,16,15,C,IV,3,-2.666,2.666,-0.0751812,,,
old,3,1,1,16,15,C,IV,6,2.666,4.807,0.0751812,,,
old,3,1,1,16,15,C,IV,9,5.334,37.713,0.1504188,,,
old,3,1,1,17,15,C,II,3,9.333,9.333,0.2631906,0.0125349,,
old,3,1,1,17,15,C,II,6,-1.333,2.981,-0.0375906,,,
old,3,1,1,17,15,C,II,9,-24,56.064,-0.6768,,,
old,3,1,1,18,15,C,II,3,0,5.333,0,,,
old,3,1,1,18,15,C,II,6,1.334,1.886,0.0376188,,,
old,3,1,1,18,15,C,II,9,2.666,25.473,0.0751812,,,
old,3,1,1,19,15,C,II,3,-1.333,2.981,-0.0375906,,,
old,3,1,1,19,15,C,II,6,-1.333,4.216,-0.0375906,,,
old,3,1,1,19,15,C,II,9,0,42.666,0,,,
old,3,1,1,20,15,C,II,3,1.334,6.798,0.0376188,,,
old,3,1,1,20,15,C,II,6,6.666,6.666,0.1879812,,,
old,3,1,1,20,15,C,II,9,12,28.032,0.3384,,,
old,3,1,1,21,15,C,V,3,13.334,17.076,0.3760188,-0.07206745,,
old,3,1,1,21,15,C,V,6,12,13.132,0.3384,,,
old,3,1,1,21,15,C,V,9,-62.667,68.105,-1.7672094,,,
old,3,1,1,22,15,C,V,3,8,9.615,0.2256,,,
old,3,1,1,22,15,C,V,6,32,32.249,0.9024,,,
old,3,1,1,22,15,C,V,9,-32,43.41,-0.9024,,,
old,3,1,1,23,15,C,V,3,-4,19.091,-0.1128,,,
old,3,1,1,23,15,C,V,6,8,8,0.2256,,,
old,3,1,1,23,15,C,V,9,-10.667,50.473,-0.3008094,,,
old,3,1,1,24,15,C,V,3,1.333,2.982,0.0375906,,,
old,3,1,1,24,15,C,V,6,-1.333,2.982,-0.0375906,,,
old,3,1,1,24,15,C,V,9,5.333,11.926,0.1503906,,,
old,10,1,2,1,15,G,IV,3,4,12.649,0.1128,0.9838651,,
old,10,1,2,1,15,G,IV,6,4,11.392,0.1128,,,
old,10,1,2,1,15,G,IV,9,5.333,11.926,0.1503906,,,
old,10,1,2,2,15,G,IV,3,56,57.271,1.5792,,,
old,10,1,2,2,15,G,IV,6,82.666,82.934,2.3311812,,,
old,10,1,2,2,15,G,IV,9,66.667,66.72,1.8800094,,,
old,10,1,2,3,15,G,IV,3,46.666,47.347,1.3159812,,,
old,10,1,2,3,15,G,IV,6,80,80.543,2.256,,,
old,10,1,2,3,15,G,IV,9,68,68.326,1.9176,,,
old,10,1,2,4,15,G,IV,3,8,17.889,0.2256,,,
old,10,1,2,4,15,G,IV,6,-12,12.649,-0.3384,,,
old,10,1,2,4,15,G,IV,9,9.334,10.155,0.2632188,,,
old,10,1,2,5,15,G,II,3,132,132.672,3.7224,2.2685349,,
old,10,1,2,5,15,G,II,6,112,112.008,3.1584,,,
old,10,1,2,5,15,G,II,9,110.667,110.739,3.1208094,,,
old,10,1,2,6,15,G,II,3,121.334,121.517,3.4216188,,,
old,10,1,2,6,15,G,II,6,140,140.025,3.948,,,
old,10,1,2,6,15,G,II,9,132,132.027,3.7224,,,
old,10,1,2,7,15,G,II,3,82.667,82.678,2.3312094,,,
old,10,1,2,7,15,G,II,6,60,60.133,1.692,,,
old,10,1,2,7,15,G,II,9,62.666,62.68,1.7671812,,,
old,10,1,2,8,15,G,II,3,17.333,21.868,0.4887906,,,
old,10,1,2,8,15,G,II,6,-9.333,9.428,-0.2631906,,,
old,10,1,2,8,15,G,II,9,4,11.391,0.1128,,,
old,10,1,2,9,15,G,V,3,33.333,34.615,0.9399906,1.29406745,,
old,10,1,2,9,15,G,V,6,70.667,71.679,1.9928094,,,
old,10,1,2,9,15,G,V,9,121.333,121.333,3.4215906,,,
old,10,1,2,10,15,G,V,3,2.667,8.433,0.0752094,,,
old,10,1,2,10,15,G,V,6,37.333,38.482,1.0527906,,,
old,10,1,2,10,15,G,V,9,66.667,66.72,1.8800094,,,
old,10,1,2,11,15,G,V,3,12,13.132,0.3384,,,
old,10,1,2,11,15,G,V,6,-13.333,13.92,-0.3759906,,,
old,10,1,2,11,15,G,V,9,-4,12.649,-0.1128,,,
old,10,1,2,12,15,G,V,3,97.334,97.416,2.7448188,,,
old,10,1,2,12,15,G,V,6,61.333,61.564,1.7295906,,,
old,10,1,2,12,15,G,V,9,65.333,65.333,1.8423906,,,
old,10,1,2,13,15,I,IV,3,101.333,101.648,2.8575906,2.73539765,,
old,10,1,2,13,15,I,IV,6,104,104.009,2.9328,,,
old,10,1,2,13,15,I,IV,9,104,104.034,2.9328,,,
old,10,1,2,14,15,I,IV,3,104,104.307,2.9328,,,
old,10,1,2,14,15,I,IV,6,114.667,115.046,3.2336094,,,
old,10,1,2,14,15,I,IV,9,121.333,121.34,3.4215906,,,
old,10,1,2,15,15,I,IV,3,25.333,28.031,0.7143906,,,
old,10,1,2,15,15,I,IV,6,108,108.132,3.0456,,,
old,10,1,2,15,15,I,IV,9,96,96.037,2.7072,,,
old,10,1,2,16,15,I,IV,3,86.666,88.382,2.4439812,,,
old,10,1,2,16,15,I,IV,6,90.667,91.292,2.5568094,,,
old,10,1,2,16,15,I,IV,9,108,108.033,3.0456,,,
old,10,1,2,17,15,I,II,3,5.333,18.135,0.1503906,0.04700235,,
old,10,1,2,17,15,I,II,6,-9.333,10.154,-0.2631906,,,
old,10,1,2,17,15,I,II,9,13.333,14.36,0.3759906,,,
old,10,1,2,18,15,I,II,3,1.333,10.75,0.0375906,,,
old,10,1,2,18,15,I,II,6,9.333,9.707,0.2631906,,,
old,10,1,2,18,15,I,II,9,-2.666,12.293,-0.0751812,,,
old,10,1,2,19,15,I,II,3,1.334,17.385,0.0376188,,,
old,10,1,2,19,15,I,II,6,2.666,8.433,0.0751812,,,
old,10,1,2,19,15,I,II,9,-10.666,11.391,-0.3007812,,,
old,10,1,2,20,15,I,II,3,4,16.492,0.1128,,,
old,10,1,2,20,15,I,II,6,-12,12.074,-0.3384,,,
old,10,1,2,20,15,I,II,9,17.334,19.091,0.4888188,,,
old,10,1,2,21,15,I,V,3,25.333,28.627,0.7143906,1.97086745,,
old,10,1,2,21,15,I,V,6,81.333,81.333,2.2935906,,,
old,10,1,2,21,15,I,V,9,81.334,81.334,2.2936188,,,
old,10,1,2,22,15,I,V,3,78.667,79.219,2.2184094,,,
old,10,1,2,22,15,I,V,6,69.333,69.538,1.9551906,,,
old,10,1,2,22,15,I,V,9,69.333,69.333,1.9551906,,,
old,10,1,2,23,15,I,V,3,93.333,93.371,2.6319906,,,
old,10,1,2,23,15,I,V,6,76,76.047,2.1432,,,
old,10,1,2,23,15,I,V,9,85.334,85.594,2.4064188,,,
old,10,1,2,24,15,I,V,3,68,68.326,1.9176,,,
old,10,1,2,24,15,I,V,6,60,60.531,1.692,,,
old,10,1,2,24,15,I,V,9,50.667,50.947,1.4288094,,,
old,11,1,2,1,19,B,IV,3,69.333,69.384,1.9551906,2.23406745,,
old,11,1,2,1,19,B,IV,6,60,60.133,1.692,,,
old,11,1,2,1,19,B,IV,9,41.334,41.42,1.1656188,,,
old,11,1,2,2,19,B,IV,3,96,96.083,2.7072,,,
old,11,1,2,2,19,B,IV,6,96,96,2.7072,,,
old,11,1,2,2,19,B,IV,9,84,84.517,2.3688,,,
old,11,1,2,3,19,B,IV,3,46.667,46.971,1.3160094,,,
old,11,1,2,3,19,B,IV,6,53.333,55.681,1.5039906,,,
old,11,1,2,3,19,B,IV,9,48,48.166,1.3536,,,
old,11,1,2,4,19,B,IV,3,117.334,117.818,3.3088188,,,
old,11,1,2,4,19,B,IV,6,117.333,117.522,3.3087906,,,
old,11,1,2,4,19,B,IV,9,121.333,121.399,3.4215906,,,
old,11,1,2,5,19,B,II,3,86.667,86.708,2.4440094,2.82,,
old,11,1,2,5,19,B,II,6,84,84.011,2.3688,,,
old,11,1,2,5,19,B,II,9,77.333,77.344,2.1807906,,,
old,11,1,2,6,19,B,II,3,121.333,121.399,3.4215906,,,
old,11,1,2,6,19,B,II,6,116,116.031,3.2712,,,
old,11,1,2,6,19,B,II,9,109.333,109.406,3.0831906,,,
old,11,1,2,7,19,B,II,3,102.667,102.667,2.8952094,,,
old,11,1,2,7,19,B,II,6,98.667,98.811,2.7824094,,,
old,11,1,2,7,19,B,II,9,97.333,97.342,2.7447906,,,
old,11,1,2,8,19,B,II,3,109.333,109.366,3.0831906,,,
old,11,1,2,8,19,B,II,6,96,96.009,2.7072,,,
old,11,1,2,8,19,B,II,9,101.334,101.474,2.8576188,,,
old,11,1,2,9,19,B,V,3,102.667,103.366,2.8952094,2.91399765,,
old,11,1,2,9,19,B,V,6,116,116.031,3.2712,,,
old,11,1,2,9,19,B,V,9,117.333,117.454,3.3087906,,,
old,11,1,2,10,19,B,V,3,108,108.008,3.0456,,,
old,11,1,2,10,19,B,V,6,97.333,97.342,2.7447906,,,
old,11,1,2,10,19,B,V,9,93.334,93.334,2.6320188,,,
old,11,1,2,11,19,B,V,3,108,109.601,3.0456,,,
old,11,1,2,11,19,B,V,6,80,80.044,2.256,,,
old,11,1,2,11,19,B,V,9,82.666,82.934,2.3311812,,,
old,11,1,2,12,19,B,V,3,129.333,129.34,3.6471906,,,
old,11,1,2,12,19,B,V,6,109.333,109.463,3.0831906,,,
old,11,1,2,12,19,B,V,9,96,96.009,2.7072,,,
old,11,1,2,13,19,C,IV,3,80,81.584,2.256,2.3813302,,
old,11,1,2,13,19,C,IV,6,121.333,121.362,3.4215906,,,
old,11,1,2,13,19,C,IV,9,110.667,110.667,3.1208094,,,
old,11,1,2,14,19,C,IV,3,100,100.717,2.82,,,
old,11,1,2,14,19,C,IV,6,112,112.127,3.1584,,,
old,11,1,2,14,19,C,IV,9,94.666,94.666,2.6695812,,,
old,11,1,2,15,19,C,IV,3,73.333,73.345,2.0679906,,,
old,11,1,2,15,19,C,IV,6,49.333,49.405,1.3911906,,,
old,11,1,2,15,19,C,IV,9,52,52.426,1.4664,,,
old,11,1,2,16,19,C,IV,3,76,76,2.1432,,,
old,11,1,2,16,19,C,IV,6,73.333,73.442,2.0679906,,,
old,11,1,2,16,19,C,IV,9,70.667,70.68,1.9928094,,,
old,11,1,2,17,19,C,II,3,129.334,129.444,3.6472188,3.10513255,,
old,11,1,2,17,19,C,II,6,93.333,93.371,2.6319906,,,
old,11,1,2,17,19,C,II,9,84,84.095,2.3688,,,
old,11,1,2,18,19,C,II,3,80,80.1,2.256,,,
old,11,1,2,18,19,C,II,6,114.667,114.675,3.2336094,,,
old,11,1,2,18,19,C,II,9,98.666,98.666,2.7823812,,,
old,11,1,2,19,19,C,II,3,106.666,106.666,3.0079812,,,
old,11,1,2,19,19,C,II,6,112,112,3.1584,,,
old,11,1,2,19,19,C,II,9,94.667,94.751,2.6696094,,,
old,11,1,2,20,19,C,II,3,172,172.186,4.8504,,,
old,11,1,2,20,19,C,II,6,133.334,134.634,3.7600188,,,
old,11,1,2,20,19,C,II,9,102.666,103.365,2.8951812,,,
old,11,1,2,21,19,C,V,3,132,132.242,3.7224,2.13379765,,
old,11,1,2,21,19,C,V,6,97.333,97.479,2.7447906,,,
old,11,1,2,21,19,C,V,9,86.667,86.677,2.4440094,,,
old,11,1,2,22,19,C,V,3,65.334,66.681,1.8424188,,,
old,11,1,2,22,19,C,V,6,62.666,62.723,1.7671812,,,
old,11,1,2,22,19,C,V,9,60,60.059,1.692,,,
old,11,1,2,23,19,C,V,3,77.333,77.344,2.1807906,,,
old,11,1,2,23,19,C,V,6,74.667,74.715,2.1056094,,,
old,11,1,2,23,19,C,V,9,70.666,70.679,1.9927812,,,
old,11,1,2,24,19,C,V,3,53.333,53.4,1.5039906,,,
old,11,1,2,24,19,C,V,6,57.333,58.863,1.6167906,,,
old,11,1,2,24,19,C,V,9,70.667,70.717,1.9928094,,,
,,,,,,,,,,,,,,
,,,,,,,,,,,,,,
,,,,,,,,,,,,,,
,,,,,,,,,,,,,,
,,,,,,,,,,,,,,
,,,,,,,,,,,,,,
,,,,,,,,,,,,,,
,,,,,,,,,,,,,,
,,,,,,,,,,,,,,
,,,,,,,,,,,,,,
,,,,,,,,,,,,,,
,,,,,,,,,,,,,,
,,,,,,,,,,,,,,
,,,,,,,,,,,,,,
,,,,,,,,,,,,,,
,,,,,,,,,,,,,,
,,,,,,,,,,,,,,
,,,,,,,,,,,,,,
,,,,,,,,,,,,,,
,,,,,,,,,,,,,,
,,,,,,,,,,,,,,
,,,,,,,,,,,,,,
,,,,,,,,,,,,,,
,,,,,,,,,,,,,,
,,,,,,,,,,,,,,
,,,,,,,,,,,,,,
,,,,,,,,,,,,,,
,,,,,,,,,,,,,,
,,,,,,,,,,,,,,
,,,,,,,,,,,,,,
,,,,,,,,,,,,,,
,,,,,,,,,,,,,,
,,,,,,,,,,,,,,
,,,,,,,,,,,,,,
,,,,,,,,,,,,,,
,,,,,,,,,,,,,,
,,,,,,,,,,,,,,
