Age,Rack,Repetition,Replicate,Tube,Nuclear,Mito,Diet,Time (sec),x,y,Dy_abs,veloscaled
young,1,1,1,1,3,B,IV,0,70,1028,,
young,1,1,1,1,3,B,IV,3,78,926,34,0.97512
young,1,1,1,1,3,B,IV,6,94,812,36,1.03248
young,1,1,1,1,3,B,IV,9,78,712,35.11111111,1.006986667
young,1,1,1,2,3,B,IV,0,122,1068,,
young,1,1,1,2,3,B,IV,3,120,930,46,1.31928
young,1,1,1,2,3,B,IV,6,114,872,32.66666667,0.93688
young,1,1,1,2,3,B,IV,9,130,762,34,0.97512
young,1,1,1,3,3,B,IV,0,134,1068,,
young,1,1,1,3,3,B,IV,3,146,898,56.66666667,1.6252
young,1,1,1,3,3,B,IV,6,162,760,51.33333333,1.47224
young,1,1,1,3,3,B,IV,9,160,656,45.77777778,1.312906667
young,1,1,1,4,3,B,IV,0,190,976,,
young,1,1,1,4,3,B,IV,3,196,780,65.33333333,1.87376
young,1,1,1,4,3,B,IV,6,206,620,59.33333333,1.70168
young,1,1,1,4,3,B,IV,9,206,494,53.55555556,1.535973333
young,1,1,1,5,3,B,II,0,232,1088,,
young,1,1,1,5,3,B,II,3,234,932,52,1.49136
young,1,1,1,5,3,B,II,6,232,802,47.66666667,1.36708
young,1,1,1,5,3,B,II,9,234,690,44.22222222,1.268293333
young,1,1,1,6,3,B,II,0,252,1072,,
young,1,1,1,6,3,B,II,3,266,1034,12.66666667,0.36328
young,1,1,1,6,3,B,II,6,284,960,18.66666667,0.53536
young,1,1,1,6,3,B,II,9,266,988,9.333333333,0.26768
young,1,1,1,7,3,B,II,0,296,1046,,
young,1,1,1,7,3,B,II,3,298,994,17.33333333,0.49712
young,1,1,1,7,3,B,II,6,288,964,13.66666667,0.39196
young,1,1,1,7,3,B,II,9,292,1086,-4.444444444,-0.127466667
young,1,1,1,8,3,B,II,0,320,1074,,
young,1,1,1,8,3,B,II,3,326,916,52.66666667,1.51048
young,1,1,1,8,3,B,II,6,334,754,53.33333333,1.5296
young,1,1,1,8,3,B,II,9,340,630,49.33333333,1.41488
young,1,1,1,9,3,B,V,0,356,1076,,
young,1,1,1,9,3,B,V,3,368,1080,-1.333333333,-0.03824
young,1,1,1,9,3,B,V,6,374,1022,9,0.25812
young,1,1,1,9,3,B,V,9,372,850,25.11111111,0.720186667
young,1,1,1,10,3,B,V,0,406,1000,,
young,1,1,1,10,3,B,V,3,416,880,40,1.1472
young,1,1,1,10,3,B,V,6,398,786,35.66666667,1.02292
young,1,1,1,10,3,B,V,9,404,658,38,1.08984
young,1,1,1,11,3,B,V,0,432,1008,,
young,1,1,1,11,3,B,V,3,447,823,61.66666667,1.7686
young,1,1,1,11,3,B,V,6,453,664,57.33333333,1.64432
young,1,1,1,11,3,B,V,9,452,546,51.33333333,1.47224
young,1,1,1,12,3,B,V,0,474,1096,,
young,1,1,1,12,3,B,V,3,482,877,73,2.09364
young,1,1,1,12,3,B,V,6,487,763,55.5,1.59174
young,1,1,1,12,3,B,V,9,480,654,49.11111111,1.408506667
young,1,1,1,13,3,C,IV,0,495,1028,,
young,1,1,1,13,3,C,IV,3,518,912,38.66666667,1.10896
young,1,1,1,13,3,C,IV,6,519,774,42.33333333,1.21412
young,1,1,1,13,3,C,IV,9,521,630,44.22222222,1.268293333
young,1,1,1,14,3,C,IV,0,545,1082,,
young,1,1,1,14,3,C,IV,3,558,959,41,1.17588
young,1,1,1,14,3,C,IV,6,543,888,32.33333333,0.92732
young,1,1,1,14,3,C,IV,9,560,734,38.66666667,1.10896
young,1,1,1,15,3,C,IV,0,569,1076,,
young,1,1,1,15,3,C,IV,3,582,980,32,0.91776
young,1,1,1,15,3,C,IV,6,589,1083,-1.166666667,-0.03346
young,1,1,1,15,3,C,IV,9,591,1019,6.333333333,0.18164
young,1,1,1,16,3,C,IV,0,627,1047,,
young,1,1,1,16,3,C,IV,3,623,879,56,1.60608
young,1,1,1,16,3,C,IV,6,613,724,53.83333333,1.54394
young,1,1,1,16,3,C,IV,9,611,672,41.66666667,1.195
young,1,1,1,17,3,C,II,0,657,1088,,
young,1,1,1,17,3,C,II,3,661,993,31.66666667,0.9082
young,1,1,1,17,3,C,II,6,644,985,17.16666667,0.49234
young,1,1,1,17,3,C,II,9,645,1082,0.666666667,0.01912
young,1,1,1,18,3,C,II,0,680,1082,,
young,1,1,1,18,3,C,II,3,698,1074,2.666666667,0.07648
young,1,1,1,18,3,C,II,6,693,951,21.83333333,0.62618
young,1,1,1,18,3,C,II,9,683,991,10.11111111,0.289986667
young,1,1,1,19,3,C,II,0,722,1022,,
young,1,1,1,19,3,C,II,3,724,880,47.33333333,1.35752
young,1,1,1,19,3,C,II,6,731,765,42.83333333,1.22846
young,1,1,1,19,3,C,II,9,719,676,38.44444444,1.102586667
young,1,1,1,20,3,C,II,0,770,992,,
young,1,1,1,20,3,C,II,3,768,779,71,2.03628
young,1,1,1,20,3,C,II,6,767,628,60.66666667,1.73992
young,1,1,1,20,3,C,II,9,764,469,58.11111111,1.666626667
young,1,1,1,21,3,C,V,0,787,1085,,
young,1,1,1,21,3,C,V,3,796,967,39.33333333,1.12808
young,1,1,1,21,3,C,V,6,802,815,45,1.2906
young,1,1,1,21,3,C,V,9,800,689,44,1.26192
young,1,1,1,22,3,C,V,0,841,1072,,
young,1,1,1,22,3,C,V,3,840,1010,20.66666667,0.59272
young,1,1,1,22,3,C,V,6,841,957,19.16666667,0.5497
young,1,1,1,22,3,C,V,9,840,928,16,0.45888
young,1,1,1,23,3,C,V,0,869,1103,,
young,1,1,1,23,3,C,V,3,877,849,84.66666667,2.42824
young,1,1,1,23,3,C,V,6,881,687,69.33333333,1.98848
young,1,1,1,23,3,C,V,9,878,570,59.22222222,1.698493333
young,1,1,1,24,3,C,V,0,900,1057,,
young,1,1,1,24,3,C,V,3,902,924,44.33333333,1.27148
young,1,1,1,24,3,C,V,6,910,793,44,1.26192
young,1,1,1,24,3,C,V,9,913,693,40.44444444,1.159946667
young,2,1,1,1,3,G,IV,0,82.333,1055,,
young,2,1,1,1,3,G,IV,3,86.333,884.333,56.889,1.63157652
young,2,1,1,1,3,G,IV,6,91.667,741.667,52.22216667,1.49773174
young,2,1,1,1,3,G,IV,9,95.667,604.333,50.07411111,1.436125507
young,2,1,1,2,3,G,IV,0,126.333,1013.667,,
young,2,1,1,2,3,G,IV,3,119.667,856.333,52.44466667,1.50411304
young,2,1,1,2,3,G,IV,6,135.667,705.667,51.33333333,1.47224
young,2,1,1,2,3,G,IV,9,119.667,575,48.74077778,1.397885507
young,2,1,1,3,3,G,IV,0,141,1051,,
young,2,1,1,3,3,G,IV,3,146.333,981.667,23.111,0.66282348
young,2,1,1,3,3,G,IV,6,150.333,923,21.33333333,0.61184
young,2,1,1,3,3,G,IV,9,157,863,20.88888889,0.599093333
young,2,1,1,4,3,G,IV,0,182.333,1076.333,,
young,2,1,1,4,3,G,IV,3,193,961.667,38.222,1.09620696
young,2,1,1,4,3,G,IV,6,195.667,811,44.22216667,1.26829174
young,2,1,1,4,3,G,IV,9,198.333,669.667,45.18511111,1.295908987
young,2,1,1,5,3,G,II,0,227.667,1056.333,,
young,2,1,1,5,3,G,II,3,239.667,924.333,44,1.26192
young,2,1,1,5,3,G,II,6,234.333,739,52.88883333,1.51685174
young,2,1,1,5,3,G,II,9,223.667,589.667,51.85177778,1.487108987
young,2,1,1,6,3,G,II,0,255.667,1061.667,,
young,2,1,1,6,3,G,II,3,266.333,1044.333,5.778,0.16571304
young,2,1,1,6,3,G,II,6,279.667,855,34.4445,0.98786826
young,2,1,1,6,3,G,II,9,266.333,739,35.85188889,1.028232173
young,2,1,1,7,3,G,II,0,297,1073.667,,
young,2,1,1,7,3,G,II,3,303.667,1079,-1.777666667,-0.05098348
young,2,1,1,7,3,G,II,6,307.667,908.333,27.55566667,0.79029652
young,2,1,1,7,3,G,II,9,314.333,792.333,31.25933333,0.89651768
young,2,1,1,8,3,G,II,0,341,1060.333,,
young,2,1,1,8,3,G,II,3,350.333,863,65.77766667,1.88650348
young,2,1,1,8,3,G,II,6,353,685.667,62.44433333,1.79090348
young,2,1,1,8,3,G,II,9,345,647,45.92588889,1.317154493
young,2,1,1,9,3,G,V,0,377,1061.667,,
young,2,1,1,9,3,G,V,3,381,905.667,52,1.49136
young,2,1,1,9,3,G,V,6,385,751,51.77783333,1.48498826
young,2,1,1,9,3,G,V,9,386.333,721.667,37.77777778,1.083466667
young,2,1,1,10,3,G,V,0,402.333,1033.667,,
young,2,1,1,10,3,G,V,3,414.333,867,55.55566667,1.59333652
young,2,1,1,10,3,G,V,6,411.667,1060.333,-4.444333333,-0.12746348
young,2,1,1,10,3,G,V,9,406.333,1004.333,3.259333333,0.09347768
young,2,1,1,11,3,G,V,0,441,1020.333,,
young,2,1,1,11,3,G,V,3,453,924.333,32,0.91776
young,2,1,1,11,3,G,V,6,453,889.667,21.77766667,0.62458348
young,2,1,1,11,3,G,V,9,454.333,992.333,3.111111111,0.089226667
young,2,1,1,12,3,G,V,0,482.333,1048.333,,
young,2,1,1,12,3,G,V,3,487.667,841.667,68.88866667,1.97572696
young,2,1,1,12,3,G,V,6,474.333,752.333,49.33333333,1.41488
young,2,1,1,12,3,G,V,9,494.333,601.667,49.62955556,1.423375653
young,2,1,1,13,3,I,IV,0,510.333,1061.667,,
young,2,1,1,13,3,I,IV,3,523.667,928.333,44.44466667,1.27467304
young,2,1,1,13,3,I,IV,6,518.333,773.667,48,1.37664
young,2,1,1,13,3,I,IV,9,529,740.333,35.70377778,1.023984347
young,2,1,1,14,3,I,IV,0,543.667,1067,,
young,2,1,1,14,3,I,IV,3,551.667,1067,0,0
young,2,1,1,14,3,I,IV,6,563.667,961.667,17.5555,0.50349174
young,2,1,1,14,3,I,IV,9,567.667,772.333,32.74077778,0.939005507
young,2,1,1,15,3,I,IV,0,586.333,1067,,
young,2,1,1,15,3,I,IV,3,593,876.333,63.55566667,1.82277652
young,2,1,1,15,3,I,IV,6,586.333,789.667,46.22216667,1.32565174
young,2,1,1,15,3,I,IV,9,598.333,605.667,51.25922222,1.470114493
young,2,1,1,16,3,I,IV,0,623.667,1029.667,,
young,2,1,1,16,3,I,IV,3,635.667,844.333,61.778,1.77179304
young,2,1,1,16,3,I,IV,6,635.667,683,57.77783333,1.65706826
young,2,1,1,16,3,I,IV,9,627.667,565.667,51.55555556,1.478613333
young,2,1,1,17,3,I,II,0,663.667,1067,,
young,2,1,1,17,3,I,II,3,671.667,1020.333,15.55566667,0.44613652
young,2,1,1,17,3,I,II,6,673,936.333,21.77783333,0.62458826
young,2,1,1,17,3,I,II,9,657,821.667,27.25922222,0.781794493
young,2,1,1,18,3,I,II,0,691.667,1068.333,,
young,2,1,1,18,3,I,II,3,703.667,923,48.44433333,1.38938348
young,2,1,1,18,3,I,II,6,707.667,744.333,54,1.54872
young,2,1,1,18,3,I,II,9,703.667,581.667,54.074,1.55084232
young,2,1,1,19,3,I,II,0,738.333,1045.667,,
young,2,1,1,19,3,I,II,3,743.667,900.333,48.44466667,1.38939304
young,2,1,1,19,3,I,II,6,735.667,747,49.77783333,1.42762826
young,2,1,1,19,3,I,II,9,725,620.333,47.25933333,1.35539768
young,2,1,1,20,3,I,II,0,767.667,1040.333,,
young,2,1,1,20,3,I,II,3,769,948.333,30.66666667,0.87952
young,2,1,1,20,3,I,II,6,767.667,780.333,43.33333333,1.2428
young,2,1,1,20,3,I,II,9,761,623,46.37033333,1.32990116
young,2,1,1,21,3,I,V,0,805,1035,,
young,2,1,1,21,3,I,V,3,818.333,891,48,1.37664
young,2,1,1,21,3,I,V,6,807.667,779,42.66666667,1.22368
young,2,1,1,21,3,I,V,9,813,597.667,48.59255556,1.393634493
young,2,1,1,22,3,I,V,0,845,1027,,
young,2,1,1,22,3,I,V,3,853,923,34.66666667,0.99424
young,2,1,1,22,3,I,V,6,851.667,827,33.33333333,0.956
young,2,1,1,22,3,I,V,9,851.667,747,31.11111111,0.892266667
young,2,1,1,23,3,I,V,0,870.333,1051,,
young,2,1,1,23,3,I,V,3,866.333,936.333,38.22233333,1.09621652
young,2,1,1,23,3,I,V,6,867.667,855,32.66666667,0.93688
young,2,1,1,23,3,I,V,9,873,804.333,27.40744444,0.786045507
young,2,1,1,24,3,I,V,0,906.333,1047,,
young,2,1,1,24,3,I,V,3,907.667,1059,-4,-0.11472
young,2,1,1,24,3,I,V,6,907.667,1023,4,0.11472
young,2,1,1,24,3,I,V,9,921,1023,2.666666667,0.07648
young,3,1,1,1,15,B,IV,0,192,1091.667,,
young,3,1,1,1,15,B,IV,3,208,1071.667,6.666666667,0.1912
young,3,1,1,1,15,B,IV,6,210.667,939.667,25.33333333,0.72656
young,3,1,1,1,15,B,IV,9,185.333,1054.333,4.148222222,0.118971013
young,3,1,1,2,15,B,IV,0,228,1070.333,,
young,3,1,1,2,15,B,IV,3,225.333,989,27.111,0.77754348
young,3,1,1,2,15,B,IV,6,245.333,922.333,24.66666667,0.70744
young,3,1,1,2,15,B,IV,9,250.667,855.667,23.85177778,0.684068987
young,3,1,1,3,15,B,IV,0,265.333,1126.333,,
young,3,1,1,3,15,B,IV,3,250.667,1105,7.111,0.20394348
young,3,1,1,3,15,B,IV,6,262.667,1110.333,2.666666667,0.07648
young,3,1,1,3,15,B,IV,9,253.333,1115.667,1.185111111,0.033988987
young,3,1,1,4,15,B,IV,0,306.667,1042.333,,
young,3,1,1,4,15,B,IV,3,314.667,963.667,26.222,0.75204696
young,3,1,1,4,15,B,IV,6,310.667,919.667,20.44433333,0.58634348
young,3,1,1,4,15,B,IV,9,318.667,869,19.25922222,0.552354493
young,3,1,1,5,15,B,II,0,325.333,1079.667,,
young,3,1,1,5,15,B,II,3,337.333,993,28.889,0.82853652
young,3,1,1,5,15,B,II,6,349.333,945,22.4445,0.64370826
young,3,1,1,5,15,B,II,9,349.333,933,16.29633333,0.46737884
young,3,1,1,6,15,B,II,0,360,1070.333,,
young,3,1,1,6,15,B,II,3,370.667,966.333,34.66666667,0.99424
young,3,1,1,6,15,B,II,6,369.333,882.333,31.33333333,0.89864
young,3,1,1,6,15,B,II,9,380,811.667,28.74066667,0.82428232
young,3,1,1,7,15,B,II,0,400,1121,,
young,3,1,1,7,15,B,II,3,412,1115.667,1.777666667,0.05098348
young,3,1,1,7,15,B,II,6,408,1065,9.333333333,0.26768
young,3,1,1,7,15,B,II,9,414.667,981,15.55555556,0.446133333
young,3,1,1,8,15,B,II,0,442.667,1050.333,,
young,3,1,1,8,15,B,II,3,434.667,1003.667,15.55533333,0.44612696
young,3,1,1,8,15,B,II,6,430.667,974.333,12.66666667,0.36328
young,3,1,1,8,15,B,II,9,436,953,10.81477778,0.310167827
young,3,1,1,9,15,B,V,0,465.333,1114.333,,
young,3,1,1,9,15,B,V,3,470.667,1113,0.444333333,0.01274348
young,3,1,1,9,15,B,V,6,474.667,1107.667,1.111,0.03186348
young,3,1,1,9,15,B,V,9,468,1105,1.037,0.02974116
young,3,1,1,10,15,B,V,0,497.333,1114.333,,
young,3,1,1,10,15,B,V,3,505.333,1105,3.111,0.08922348
young,3,1,1,10,15,B,V,6,506.667,1095.667,3.111,0.08922348
young,3,1,1,10,15,B,V,9,520,1075.667,4.296222222,0.123215653
young,3,1,1,11,15,B,V,0,556,1099.667,,
young,3,1,1,11,15,B,V,3,548,1102.333,-0.888666667,-0.02548696
young,3,1,1,11,15,B,V,6,537.333,1103.667,-0.666666667,-0.01912
young,3,1,1,11,15,B,V,9,544,1103.667,-0.444444444,-0.012746667
young,3,1,1,12,15,B,V,0,585.333,1121,,
young,3,1,1,12,15,B,V,3,582.667,1115.667,1.777666667,0.05098348
young,3,1,1,12,15,B,V,6,580,1117,0.666666667,0.01912
young,3,1,1,12,15,B,V,9,580,1118.333,0.296333333,0.00849884
young,3,1,1,13,15,C,IV,0,617.333,1119.667,,
young,3,1,1,13,15,C,IV,3,618.667,1113,2.222333333,0.06373652
young,3,1,1,13,15,C,IV,6,614.667,1118.333,0.222333333,0.00637652
young,3,1,1,13,15,C,IV,9,617.333,1118.333,0.148222222,0.004251013
young,3,1,1,14,15,C,IV,0,644,1117,,
young,3,1,1,14,15,C,IV,3,646.667,1129,-4,-0.11472
young,3,1,1,14,15,C,IV,6,654.667,1119.667,-0.4445,-0.01274826
young,3,1,1,14,15,C,IV,9,652,1097,2.222222222,0.063733333
young,3,1,1,15,15,C,IV,0,693.333,1121,,
young,3,1,1,15,15,C,IV,3,682.667,1114.333,2.222333333,0.06373652
young,3,1,1,15,15,C,IV,6,682.667,1122.333,-0.222166667,-0.00637174
young,3,1,1,15,15,C,IV,9,686.667,1121,0,0
young,3,1,1,16,15,C,IV,0,721.333,1122.333,,
young,3,1,1,16,15,C,IV,3,717.333,1119.667,0.888666667,0.02548696
young,3,1,1,16,15,C,IV,6,717.333,1122.333,0,0
young,3,1,1,16,15,C,IV,9,721.333,1119.667,0.296222222,0.008495653
young,3,1,1,17,15,C,II,0,758.667,1114.333,,
young,3,1,1,17,15,C,II,3,750.667,1113,0.444333333,0.01274348
young,3,1,1,17,15,C,II,6,750.667,1103.667,1.777666667,0.05098348
young,3,1,1,17,15,C,II,9,753.333,1105,1.037,0.02974116
young,3,1,1,18,15,C,II,0,804,1129,,
young,3,1,1,18,15,C,II,3,792,1127.667,0.444333333,0.01274348
young,3,1,1,18,15,C,II,6,797.333,1127.667,0.222166667,0.00637174
young,3,1,1,18,15,C,II,9,796,1126.333,0.296333333,0.00849884
young,3,1,1,19,15,C,II,0,821.333,1123.667,,
young,3,1,1,19,15,C,II,3,829.333,1123.667,0,0
young,3,1,1,19,15,C,II,6,826.667,1125,-0.222166667,-0.00637174
young,3,1,1,19,15,C,II,9,822.667,1126.333,-0.296222222,-0.008495653
young,3,1,1,20,15,C,II,0,865.333,1126.333,,
young,3,1,1,20,15,C,II,3,862.667,1127.667,-0.444666667,-0.01275304
young,3,1,1,20,15,C,II,6,869.333,1126.333,0,0
young,3,1,1,20,15,C,II,9,869.333,1119.667,0.740666667,0.02124232
young,3,1,1,21,15,C,V,0,894.667,1107.667,,
young,3,1,1,21,15,C,V,3,889.333,1087.667,6.666666667,0.1912
young,3,1,1,21,15,C,V,6,900,1074.333,5.555666667,0.15933652
young,3,1,1,21,15,C,V,9,905.333,1062.333,5.037111111,0.144464347
young,3,1,1,22,15,C,V,0,932,1125,,
young,3,1,1,22,15,C,V,3,940,1121,1.333333333,0.03824
young,3,1,1,22,15,C,V,6,934.667,1113,2,0.05736
young,3,1,1,22,15,C,V,9,938.667,1081,4.888888889,0.140213333
young,3,1,1,23,15,C,V,0,968,1113,,
young,3,1,1,23,15,C,V,3,978.667,1114.333,-0.444333333,-0.01274348
young,3,1,1,23,15,C,V,6,960,1118.333,-0.888833333,-0.02549174
young,3,1,1,23,15,C,V,9,960,1110.333,0.296333333,0.00849884
young,3,1,1,24,15,C,V,0,1006.667,1121,,
young,3,1,1,24,15,C,V,3,1004,1122.333,-0.444333333,-0.01274348
young,3,1,1,24,15,C,V,6,1014.667,1117,0.666666667,0.01912
young,3,1,1,24,15,C,V,9,1010.667,1121,0,0
young,4,1,2,1,15,G,IV,0,78.667,1050.667,,
young,4,1,2,1,15,G,IV,3,89.333,854.667,65.33333333,1.87376
young,4,1,2,1,15,G,IV,6,80,773.333,46.22233333,1.32565652
young,4,1,2,1,15,G,IV,9,86.667,672,42.07411111,1.206685507
young,4,1,2,2,15,G,IV,0,118.667,1042.667,,
young,4,1,2,2,15,G,IV,3,124,893.333,49.778,1.42763304
young,4,1,2,2,15,G,IV,6,125.333,777.333,44.22233333,1.26829652
young,4,1,2,2,15,G,IV,9,124,666.667,41.77777778,1.198186667
young,4,1,2,3,15,G,IV,0,156,1078.667,,
young,4,1,2,3,15,G,IV,3,142.667,957.333,40.44466667,1.15995304
young,4,1,2,3,15,G,IV,6,158.667,813.333,44.22233333,1.26829652
young,4,1,2,3,15,G,IV,9,160,673.333,45.03711111,1.291664347
young,4,1,2,4,15,G,IV,0,181.333,1074.667,,
young,4,1,2,4,15,G,IV,3,184,965.333,36.44466667,1.04523304
young,4,1,2,4,15,G,IV,6,180,860,35.77783333,1.02610826
young,4,1,2,4,15,G,IV,9,188,776,33.18522222,0.951752173
young,4,1,2,5,15,G,II,0,220,1060,,
young,4,1,2,5,15,G,II,3,224,845.333,71.55566667,2.05221652
young,4,1,2,5,15,G,II,6,232,670.667,64.88883333,1.86101174
young,4,1,2,5,15,G,II,9,236,505.333,61.62966667,1.76753884
young,4,1,2,6,15,G,II,0,248,1053.333,,
young,4,1,2,6,15,G,II,3,265.333,1029.333,8,0.22944
young,4,1,2,6,15,G,II,6,270.667,852,33.5555,0.96237174
young,4,1,2,6,15,G,II,9,257.333,712,37.92588889,1.087714493
young,4,1,2,7,15,G,II,0,290.667,1084,,
young,4,1,2,7,15,G,II,3,296,1069.333,4.889,0.14021652
young,4,1,2,7,15,G,II,6,285.333,1077.333,1.111166667,0.03186826
young,4,1,2,7,15,G,II,9,297.333,1010.667,8.148111111,0.233687827
young,4,1,2,8,15,G,II,0,334.667,1082.667,,
young,4,1,2,8,15,G,II,3,321.333,1000,27.55566667,0.79029652
young,4,1,2,8,15,G,II,6,324,826.667,42.66666667,1.22368
young,4,1,2,8,15,G,II,9,328,686.667,44,1.26192
young,4,1,2,9,15,G,V,0,360,1092,,
young,4,1,2,9,15,G,V,3,376,889.333,67.55566667,1.93749652
young,4,1,2,9,15,G,V,6,373.333,768,54,1.54872
young,4,1,2,9,15,G,V,9,374.667,624,52,1.49136
young,4,1,2,10,15,G,V,0,405.333,1026.667,,
young,4,1,2,10,15,G,V,3,421.333,832,64.889,1.86101652
young,4,1,2,10,15,G,V,6,417.333,674.667,58.66666667,1.68256
young,4,1,2,10,15,G,V,9,418.667,530.667,55.11111111,1.580586667
young,4,1,2,11,15,G,V,0,442.667,1036,,
young,4,1,2,11,15,G,V,3,450.667,837.333,66.22233333,1.89925652
young,4,1,2,11,15,G,V,6,444,693.333,57.11116667,1.63794826
young,4,1,2,11,15,G,V,9,446.667,565.333,52.29633333,1.49985884
young,4,1,2,12,15,G,V,0,473.333,1078.667,,
young,4,1,2,12,15,G,V,3,472,921.333,52.44466667,1.50411304
young,4,1,2,12,15,G,V,6,480,773.333,50.889,1.45949652
young,4,1,2,12,15,G,V,9,484,620,50.963,1.46161884
young,4,1,2,13,15,I,IV,0,504,1086.667,,
young,4,1,2,13,15,I,IV,3,501.333,974.667,37.33333333,1.07072
young,4,1,2,13,15,I,IV,6,502.667,860,37.77783333,1.08346826
young,4,1,2,13,15,I,IV,9,508,742.667,38.22222222,1.096213333
young,4,1,2,14,15,I,IV,0,544,1081.333,,
young,4,1,2,14,15,I,IV,3,561.333,1065.333,5.333333333,0.15296
young,4,1,2,14,15,I,IV,6,553.333,914.667,27.77766667,0.79666348
young,4,1,2,14,15,I,IV,9,545.333,810.667,30.074,0.86252232
young,4,1,2,15,15,I,IV,0,582.667,1064,,
young,4,1,2,15,15,I,IV,3,596,877.333,62.22233333,1.78453652
young,4,1,2,15,15,I,IV,6,600,730.667,55.5555,1.59333174
young,4,1,2,15,15,I,IV,9,600,606.667,50.81477778,1.457367827
young,4,1,2,16,15,I,IV,0,614.667,1097.333,,
young,4,1,2,16,15,I,IV,3,614.667,1065.333,10.66666667,0.30592
young,4,1,2,16,15,I,IV,6,630.667,962.667,22.44433333,0.64370348
young,4,1,2,16,15,I,IV,9,630.667,890.667,22.96288889,0.658575653
young,4,1,2,17,15,I,II,0,642.667,1064,,
young,4,1,2,17,15,I,II,3,658.667,1010.667,17.77766667,0.50986348
young,4,1,2,17,15,I,II,6,652,902.667,26.88883333,0.77117174
young,4,1,2,17,15,I,II,9,649.333,793.333,30.07411111,0.862525507
young,4,1,2,18,15,I,II,0,686.667,1080,,
young,4,1,2,18,15,I,II,3,693.333,1020,20,0.5736
young,4,1,2,18,15,I,II,6,696,885.333,32.4445,0.93050826
young,4,1,2,18,15,I,II,9,698.667,772,34.22222222,0.981493333
young,4,1,2,19,15,I,II,0,728,1068,,
young,4,1,2,19,15,I,II,3,718.667,940,42.66666667,1.22368
young,4,1,2,19,15,I,II,6,721.333,960,18,0.51624
young,4,1,2,19,15,I,II,9,724,840,25.33333333,0.72656
young,4,1,2,20,15,I,II,0,756,1102.667,,
young,4,1,2,20,15,I,II,3,752,1009.333,31.11133333,0.89227304
young,4,1,2,20,15,I,II,6,760,957.333,24.22233333,0.69469652
young,4,1,2,20,15,I,II,9,772,868,26.07411111,0.747805507
young,4,1,2,21,15,I,V,0,794.667,1097.333,,
young,4,1,2,21,15,I,V,3,794.667,918.667,59.55533333,1.70804696
young,4,1,2,21,15,I,V,6,805.333,748,58.22216667,1.66981174
young,4,1,2,21,15,I,V,9,812,605.333,54.66666667,1.56784
young,4,1,2,22,15,I,V,0,836,1092,,
young,4,1,2,22,15,I,V,3,830.667,938.667,51.111,1.46586348
young,4,1,2,22,15,I,V,6,829.333,738.667,58.88883333,1.68893174
young,4,1,2,22,15,I,V,9,828,693.333,44.29633333,1.27041884
young,4,1,2,23,15,I,V,0,866.667,1077.333,,
young,4,1,2,23,15,I,V,3,865.333,949.333,42.66666667,1.22368
young,4,1,2,23,15,I,V,6,865.333,854.667,37.111,1.06434348
young,4,1,2,23,15,I,V,9,864,754.667,35.85177778,1.028228987
young,4,1,2,24,15,I,V,0,901.333,1053.333,,
young,4,1,2,24,15,I,V,3,913.333,873.333,60,1.7208
young,4,1,2,24,15,I,V,6,916,750.667,50.44433333,1.44674348
young,4,1,2,24,15,I,V,9,888,688,40.59255556,1.164194493
young,5,1,2,1,19,B,IV,0,88,1074.667,,
young,5,1,2,1,19,B,IV,3,80,1012,20.889,0.59909652
young,5,1,2,1,19,B,IV,6,86.667,886.667,31.33333333,0.89864
young,5,1,2,1,19,B,IV,9,70.667,850.667,24.88888889,0.713813333
young,5,1,2,2,19,B,IV,0,122.667,1068,,
young,5,1,2,2,19,B,IV,3,114.667,1049.333,6.222333333,0.17845652
young,5,1,2,2,19,B,IV,6,122.667,972,16,0.45888
young,5,1,2,2,19,B,IV,9,116,917.333,16.74077778,0.480125507
young,5,1,2,3,19,B,IV,0,164,1050.667,,
young,5,1,2,3,19,B,IV,3,156,945.333,35.11133333,1.00699304
young,5,1,2,3,19,B,IV,6,157.333,829.333,36.889,1.05797652
young,5,1,2,3,19,B,IV,9,164,708,38.07411111,1.091965507
young,5,1,2,4,19,B,IV,0,193.333,1074.667,,
young,5,1,2,4,19,B,IV,3,190.667,988,28.889,0.82853652
young,5,1,2,4,19,B,IV,6,192,917.333,26.22233333,0.75205652
young,5,1,2,4,19,B,IV,9,196,793.333,31.25933333,0.89651768
young,5,1,2,5,19,B,II,0,240,1024,,
young,5,1,2,5,19,B,II,3,238.667,926.667,32.44433333,0.93050348
young,5,1,2,5,19,B,II,6,242.667,816,34.66666667,0.99424
young,5,1,2,5,19,B,II,9,238.667,760,29.33333333,0.84128
young,5,1,2,6,19,B,II,0,260,1069.333,,
young,5,1,2,6,19,B,II,3,274.667,1017.333,17.33333333,0.49712
young,5,1,2,6,19,B,II,6,276,898.667,28.44433333,0.81578348
young,5,1,2,6,19,B,II,9,272,764,33.92588889,0.972994493
young,5,1,2,7,19,B,II,0,293.333,1065.333,,
young,5,1,2,7,19,B,II,3,313.333,949.333,38.66666667,1.10896
young,5,1,2,7,19,B,II,6,309.333,816,41.5555,1.19181174
young,5,1,2,7,19,B,II,9,308,676,43.25922222,1.240674493
young,5,1,2,8,19,B,II,0,333.333,1064,,
young,5,1,2,8,19,B,II,3,332,1008,18.66666667,0.53536
young,5,1,2,8,19,B,II,6,333.333,978.667,14.22216667,0.40789174
young,5,1,2,8,19,B,II,9,336,940,13.77777778,0.395146667
young,5,1,2,9,19,B,V,0,366.667,1060,,
young,5,1,2,9,19,B,V,3,370.667,957.333,34.22233333,0.98149652
young,5,1,2,9,19,B,V,6,369.333,850.667,34.88883333,1.00061174
young,5,1,2,9,19,B,V,9,386.667,780,31.11111111,0.892266667
young,5,1,2,10,19,B,V,0,416,1074.667,,
young,5,1,2,10,19,B,V,3,414.667,984,30.22233333,0.86677652
young,5,1,2,10,19,B,V,6,410.667,834.667,40,1.1472
young,5,1,2,10,19,B,V,9,422.667,701.333,41.48155556,1.189691013
young,5,1,2,11,19,B,V,0,446.667,1061.333,,
young,5,1,2,11,19,B,V,3,445.333,932,43.111,1.23642348
young,5,1,2,11,19,B,V,6,453.333,790.667,45.111,1.29378348
young,5,1,2,11,19,B,V,9,453.333,760,33.48144444,0.960247827
young,5,1,2,12,19,B,V,0,476,1042.667,,
young,5,1,2,12,19,B,V,3,494.667,997.333,15.11133333,0.43339304
young,5,1,2,12,19,B,V,6,493.333,886.667,26,0.74568
young,5,1,2,12,19,B,V,9,494.667,797.333,27.25933333,0.78179768
young,5,1,2,13,19,C,IV,0,516,1066.667,,
young,5,1,2,13,19,C,IV,3,517.333,965.333,33.778,0.96875304
young,5,1,2,13,19,C,IV,6,524,832,39.11116667,1.12170826
young,5,1,2,13,19,C,IV,9,520,728,37.62966667,1.07921884
young,5,1,2,14,19,C,IV,0,560,1056,,
young,5,1,2,14,19,C,IV,3,561.333,957.333,32.889,0.94325652
young,5,1,2,14,19,C,IV,6,562.667,849.333,34.4445,0.98786826
young,5,1,2,14,19,C,IV,9,560,746.667,34.37033333,0.98574116
young,5,1,2,15,19,C,IV,0,588,1072,,
young,5,1,2,15,19,C,IV,3,585.333,1009.333,20.889,0.59909652
young,5,1,2,15,19,C,IV,6,588,902.667,28.22216667,0.80941174
young,5,1,2,15,19,C,IV,9,586.667,776,32.88888889,0.943253333
young,5,1,2,16,19,C,IV,0,620,1042.667,,
young,5,1,2,16,19,C,IV,3,629.333,932,36.889,1.05797652
young,5,1,2,16,19,C,IV,6,620,865.333,29.55566667,0.84765652
young,5,1,2,16,19,C,IV,9,630.667,730.667,34.66666667,0.99424
young,5,1,2,17,19,C,II,0,662.667,1041.333,,
young,5,1,2,17,19,C,II,3,662.667,964,25.77766667,0.73930348
young,5,1,2,17,19,C,II,6,657.333,900,23.5555,0.67557174
young,5,1,2,17,19,C,II,9,666.667,873.333,18.66666667,0.53536
young,5,1,2,18,19,C,II,0,704,1062.667,,
young,5,1,2,18,19,C,II,3,704,958.667,34.66666667,0.99424
young,5,1,2,18,19,C,II,6,701.333,832,38.4445,1.10258826
young,5,1,2,18,19,C,II,9,710.667,705.333,39.70377778,1.138704347
young,5,1,2,19,19,C,II,0,737.333,1056,,
young,5,1,2,19,19,C,II,3,734.667,928,42.66666667,1.22368
young,5,1,2,19,19,C,II,6,733.333,786.667,44.88883333,1.28741174
young,5,1,2,19,19,C,II,9,730.667,650.667,45.037,1.29166116
young,5,1,2,20,19,C,II,0,764,1073.333,,
young,5,1,2,20,19,C,II,3,764,1073.333,0,0
young,5,1,2,20,19,C,II,6,764,1073.333,0,0
young,5,1,2,20,19,C,II,9,764,1073.333,0,0
young,5,1,2,21,19,C,V,0,802.667,1068,,
young,5,1,2,21,19,C,V,3,812,977.333,30.22233333,0.86677652
young,5,1,2,21,19,C,V,6,814.667,844,37.33333333,1.07072
young,5,1,2,21,19,C,V,9,820,725.333,38.07411111,1.091965507
young,5,1,2,22,19,C,V,0,837.333,1056,,
young,5,1,2,22,19,C,V,3,837.333,952,34.66666667,0.99424
young,5,1,2,22,19,C,V,6,854.667,894.667,26.88883333,0.77117174
young,5,1,2,22,19,C,V,9,850.667,781.333,30.51855556,0.875272173
young,5,1,2,23,19,C,V,0,881.333,1058.667,,
young,5,1,2,23,19,C,V,3,880,957.333,33.778,0.96875304
young,5,1,2,23,19,C,V,6,876,880,29.77783333,0.85402826
young,5,1,2,23,19,C,V,9,890.667,985.333,8.148222222,0.233691013
young,5,1,2,24,19,C,V,0,914.667,1042.667,,
young,5,1,2,24,19,C,V,3,917.333,937.333,35.11133333,1.00699304
young,5,1,2,24,19,C,V,6,922.667,821.333,36.889,1.05797652
young,5,1,2,24,19,C,V,9,932,713.333,36.59266667,1.04947768
young,6,1,2,1,19,G,IV,0,78.667,1017.333,,
young,6,1,2,1,19,G,IV,3,77.333,858.667,52.88866667,1.51684696
young,6,1,2,1,19,G,IV,6,84,697.333,53.33333333,1.5296
young,6,1,2,1,19,G,IV,9,81.333,553.333,51.55555556,1.478613333
young,6,1,2,2,19,G,IV,0,112,1021.333,,
young,6,1,2,2,19,G,IV,3,120,857.333,54.66666667,1.56784
young,6,1,2,2,19,G,IV,6,112,712,51.5555,1.47861174
young,6,1,2,2,19,G,IV,9,117.333,592,47.70366667,1.36814116
young,6,1,2,3,19,G,IV,0,152,1044,,
young,6,1,2,3,19,G,IV,3,153.333,898.667,48.44433333,1.38938348
young,6,1,2,3,19,G,IV,6,136,762.667,46.88883333,1.34477174
young,6,1,2,3,19,G,IV,9,137.333,604,48.88888889,1.402133333
young,6,1,2,4,19,G,IV,0,181.333,1020,,
young,6,1,2,4,19,G,IV,3,180,849.333,56.889,1.63157652
young,6,1,2,4,19,G,IV,6,174.667,697.333,53.77783333,1.54234826
young,6,1,2,4,19,G,IV,9,173.333,565.333,50.51855556,1.448872173
young,6,1,2,5,19,G,II,0,225.333,1053.333,,
young,6,1,2,5,19,G,II,3,224,874.667,59.55533333,1.70804696
young,6,1,2,5,19,G,II,6,222.667,704,58.22216667,1.66981174
young,6,1,2,5,19,G,II,9,218.667,573.333,53.33333333,1.5296
young,6,1,2,6,19,G,II,0,256,1052,,
young,6,1,2,6,19,G,II,3,254.667,934.667,39.111,1.12170348
young,6,1,2,6,19,G,II,6,257.333,798.667,42.22216667,1.21093174
young,6,1,2,6,19,G,II,9,257.333,652,44.44444444,1.274666667
young,6,1,2,7,19,G,II,0,292,1020,,
young,6,1,2,7,19,G,II,3,292,830.667,63.111,1.81002348
young,6,1,2,7,19,G,II,6,298.667,672,58,1.66344
young,6,1,2,7,19,G,II,9,302.667,538.667,53.48144444,1.533847827
young,6,1,2,8,19,G,II,0,328,968,,
young,6,1,2,8,19,G,II,3,337.333,778.667,63.111,1.81002348
young,6,1,2,8,19,G,II,6,336,616,58.66666667,1.68256
young,6,1,2,8,19,G,II,9,338.667,472,55.11111111,1.580586667
young,6,1,2,9,19,G,V,0,368,1013.333,,
young,6,1,2,9,19,G,V,3,374.667,853.333,53.33333333,1.5296
young,6,1,2,9,19,G,V,6,370.667,716,49.5555,1.42125174
young,6,1,2,9,19,G,V,9,370.667,581.333,48,1.37664
young,6,1,2,10,19,G,V,0,396,1068,,
young,6,1,2,10,19,G,V,3,394.667,920,49.33333333,1.41488
young,6,1,2,10,19,G,V,6,398.667,777.333,48.4445,1.38938826
young,6,1,2,10,19,G,V,9,396,660,45.33333333,1.30016
young,6,1,2,11,19,G,V,0,444,1018.667,,
young,6,1,2,11,19,G,V,3,438.667,868,50.22233333,1.44037652
young,6,1,2,11,19,G,V,6,440,741.333,46.22233333,1.32565652
young,6,1,2,11,19,G,V,9,444,616,44.74077778,1.283165507
young,6,1,2,12,19,G,V,0,473.333,1004,,
young,6,1,2,12,19,G,V,3,468,813.333,63.55566667,1.82277652
young,6,1,2,12,19,G,V,6,468,644,60,1.7208
young,6,1,2,12,19,G,V,9,478.667,493.333,56.74077778,1.627325507
young,6,1,2,13,19,I,IV,0,501.333,1045.333,,
young,6,1,2,13,19,I,IV,3,517.333,965.333,26.66666667,0.7648
young,6,1,2,13,19,I,IV,6,514.667,829.333,36,1.03248
young,6,1,2,13,19,I,IV,9,514.667,721.333,36,1.03248
young,6,1,2,14,19,I,IV,0,541.333,1050.667,,
young,6,1,2,14,19,I,IV,3,553.333,846.667,68,1.95024
young,6,1,2,14,19,I,IV,6,548,726.667,54,1.54872
young,6,1,2,14,19,I,IV,9,542.667,597.333,50.37044444,1.444624347
young,6,1,2,15,19,I,IV,0,585.333,998.667,,
young,6,1,2,15,19,I,IV,3,581.333,814.667,61.33333333,1.75904
young,6,1,2,15,19,I,IV,6,592,633.333,60.889,1.74629652
young,6,1,2,15,19,I,IV,9,594.667,536,51.40744444,1.474365507
young,6,1,2,16,19,I,IV,0,609.333,1017.333,,
young,6,1,2,16,19,I,IV,3,625.333,934.667,27.55533333,0.79028696
young,6,1,2,16,19,I,IV,6,616,870.667,24.44433333,0.70106348
young,6,1,2,16,19,I,IV,9,616,805.333,23.55555556,0.675573333
young,6,1,2,17,19,I,II,0,646.667,1069.333,,
young,6,1,2,17,19,I,II,3,648,1057.333,4,0.11472
young,6,1,2,17,19,I,II,6,648,1036,5.5555,0.15933174
young,6,1,2,17,19,I,II,9,648,1025.333,4.888888889,0.140213333
young,6,1,2,18,19,I,II,0,696,1070.667,,
young,6,1,2,18,19,I,II,3,693.333,937.333,44.44466667,1.27467304
young,6,1,2,18,19,I,II,6,702.667,838.667,38.66666667,1.10896
young,6,1,2,18,19,I,II,9,704,756,34.963,1.00273884
young,6,1,2,19,19,I,II,0,728,1036,,
young,6,1,2,19,19,I,II,3,728,880,52,1.49136
young,6,1,2,19,19,I,II,6,734.667,729.333,51.11116667,1.46586826
young,6,1,2,19,19,I,II,9,726.667,586.667,49.92588889,1.431874493
young,6,1,2,20,19,I,II,0,764,1010.667,,
young,6,1,2,20,19,I,II,3,756,878.667,44,1.26192
young,6,1,2,20,19,I,II,6,761.333,732,46.4445,1.33202826
young,6,1,2,20,19,I,II,9,761.333,601.333,45.48155556,1.304411013
young,6,1,2,21,19,I,V,0,802.667,1037.333,,
young,6,1,2,21,19,I,V,3,806.667,877.333,53.33333333,1.5296
young,6,1,2,21,19,I,V,6,813.333,749.333,48,1.37664
young,6,1,2,21,19,I,V,9,812,624,45.92588889,1.317154493
young,6,1,2,22,19,I,V,0,833.333,1013.333,,
young,6,1,2,22,19,I,V,3,846.667,862.667,50.222,1.44036696
young,6,1,2,22,19,I,V,6,841.333,730.667,47.111,1.35114348
young,6,1,2,22,19,I,V,9,849.333,569.333,49.33333333,1.41488
young,6,1,2,23,19,I,V,0,866.667,1036,,
young,6,1,2,23,19,I,V,3,866.667,850.667,61.77766667,1.77178348
young,6,1,2,23,19,I,V,6,873.333,672,60.66666667,1.73992
young,6,1,2,23,19,I,V,9,874.667,520,57.33333333,1.64432
young,6,1,2,24,19,I,V,0,906.667,1030.667,,
young,6,1,2,24,19,I,V,3,913.333,902.667,42.66666667,1.22368
young,6,1,2,24,19,I,V,6,914.667,762.667,44.66666667,1.28104
young,6,1,2,24,19,I,V,9,924,634.667,44,1.26192
old,1,3,1,1,3,B,IV,0,185.333,1086.667,,
old,1,3,1,1,3,B,IV,3,173.333,1082.667,1.333333333,0.0376
old,1,3,1,1,3,B,IV,6,186.667,960,21.11116667,0.5953349
old,1,3,1,1,3,B,IV,9,178.667,881.333,22.81488889,0.643379867
old,1,3,1,2,3,B,IV,0,213.333,1026.667,,
old,1,3,1,2,3,B,IV,3,230.667,910.667,38.66666667,1.0904
old,1,3,1,2,3,B,IV,6,226.667,778.667,41.33333333,1.1656
old,1,3,1,2,3,B,IV,9,241.333,645.333,42.37044444,1.194846533
old,1,3,1,3,3,B,IV,0,262.667,1070.667,,
old,1,3,1,3,3,B,IV,3,252,1104,-11.111,-0.3133302
old,1,3,1,3,3,B,IV,6,253.333,1118.667,-8,-0.2256
old,1,3,1,3,3,B,IV,9,258.667,981.333,9.926,0.2799132
old,1,3,1,4,3,B,IV,0,301.333,1057.333,,
old,1,3,1,4,3,B,IV,3,308,948,36.44433333,1.0277302
old,1,3,1,4,3,B,IV,6,306.667,849.333,34.66666667,0.9776
old,1,3,1,4,3,B,IV,9,296,768,32.14811111,0.906576733
old,1,3,1,5,3,B,II,0,332,1098.667,,
old,1,3,1,5,3,B,II,3,329.333,1042.667,18.66666667,0.5264
old,1,3,1,5,3,B,II,6,326.667,976,20.4445,0.5765349
old,1,3,1,5,3,B,II,9,329.333,834.667,29.33333333,0.8272
old,1,3,1,6,3,B,II,0,357.333,1084,,
old,1,3,1,6,3,B,II,3,378.667,949.333,44.889,1.2658698
old,1,3,1,6,3,B,II,6,374.667,805.333,46.4445,1.3097349
old,1,3,1,6,3,B,II,9,365.333,697.333,42.963,1.2115566
old,1,3,1,7,3,B,II,0,406.667,1090.667,,
old,1,3,1,7,3,B,II,3,408,1001.333,29.778,0.8397396
old,1,3,1,7,3,B,II,6,398.667,881.333,34.889,0.9838698
old,1,3,1,7,3,B,II,9,408,820,30.07411111,0.848089933
old,1,3,1,8,3,B,II,0,428,1037.333,,
old,1,3,1,8,3,B,II,3,452,966.667,23.55533333,0.6642604
old,1,3,1,8,3,B,II,6,453.333,880,26.22216667,0.7394651
old,1,3,1,8,3,B,II,9,444,794.667,26.96288889,0.760353467
old,1,3,1,9,3,B,V,0,465.333,1092,,
old,1,3,1,9,3,B,V,3,472,977.333,38.22233333,1.0778698
old,1,3,1,9,3,B,V,6,484,828,44,1.2408
old,1,3,1,9,3,B,V,9,477.333,698.667,43.70366667,1.2324434
old,1,3,1,10,3,B,V,0,509.333,1046.667,,
old,1,3,1,10,3,B,V,3,505.333,900,48.889,1.3786698
old,1,3,1,10,3,B,V,6,528,740,51.11116667,1.4413349
old,1,3,1,10,3,B,V,9,529.333,642.667,44.88888889,1.265866667
old,1,3,1,11,3,B,V,0,537.333,1112,,
old,1,3,1,11,3,B,V,3,549.333,1108,1.333333333,0.0376
old,1,3,1,11,3,B,V,6,550.667,1038.667,12.22216667,0.3446651
old,1,3,1,11,3,B,V,9,546.667,926.667,20.59255556,0.580710067
old,1,3,1,12,3,B,V,0,589.333,1092,,
old,1,3,1,12,3,B,V,3,593.333,1024,22.66666667,0.6392
old,1,3,1,12,3,B,V,6,590.667,977.333,19.11116667,0.5389349
old,1,3,1,12,3,B,V,9,588,1110.667,-2.074111111,-0.058489933
old,1,3,1,13,3,C,IV,0,630.667,1040,,
old,1,3,1,13,3,C,IV,3,629.333,960,26.66666667,0.752
old,1,3,1,13,3,C,IV,6,625.333,817.333,37.11116667,1.0465349
old,1,3,1,13,3,C,IV,9,620,681.333,39.85188889,1.123823267
old,1,3,1,14,3,C,IV,0,638.667,1044,,
old,1,3,1,14,3,C,IV,3,649.333,969.333,24.889,0.7018698
old,1,3,1,14,3,C,IV,6,654.667,873.333,28.4445,0.8021349
old,1,3,1,14,3,C,IV,9,653.333,764,31.11111111,0.877333333
old,1,3,1,15,3,C,IV,0,697.333,1092,,
old,1,3,1,15,3,C,IV,3,696,960,44,1.2408
old,1,3,1,15,3,C,IV,6,709.333,856,39.33333333,1.1092
old,1,3,1,15,3,C,IV,9,704,749.333,38.07411111,1.073689933
old,1,3,1,16,3,C,IV,0,720,1029.333,,
old,1,3,1,16,3,C,IV,3,737.333,860,56.44433333,1.5917302
old,1,3,1,16,3,C,IV,6,732,724,50.88883333,1.4350651
old,1,3,1,16,3,C,IV,9,724,601.333,47.55555556,1.341066667
old,1,3,1,17,3,C,II,0,764.667,1112,,
old,1,3,1,17,3,C,II,3,754,1054.667,19.111,0.5389302
old,1,3,1,17,3,C,II,6,759.333,984,21.33333333,0.6016
old,1,3,1,17,3,C,II,9,775.333,881.333,25.62966667,0.7227566
old,1,3,1,18,3,C,II,0,802,1114.667,,
old,1,3,1,18,3,C,II,3,800.667,1025.333,29.778,0.8397396
old,1,3,1,18,3,C,II,6,794,900,35.77783333,1.0089349
old,1,3,1,18,3,C,II,9,812.667,824,32.29633333,0.9107566
old,1,3,1,19,3,C,II,0,819.333,1092,,
old,1,3,1,19,3,C,II,3,826,984,36,1.0152
old,1,3,1,19,3,C,II,6,826,880,35.33333333,0.9964
old,1,3,1,19,3,C,II,9,830,852,26.66666667,0.752
old,1,3,1,20,3,C,II,0,863.333,1113.333,,
old,1,3,1,20,3,C,II,3,875.333,1108,1.777666667,0.0501302
old,1,3,1,20,3,C,II,6,864.667,1104,1.5555,0.0438651
old,1,3,1,20,3,C,II,9,874,1092,2.370333333,0.0668434
old,1,3,1,21,3,C,V,0,914,1060,,
old,1,3,1,21,3,C,V,3,914,941.333,39.55566667,1.1154698
old,1,3,1,21,3,C,V,6,908.667,842.667,36.22216667,1.0214651
old,1,3,1,21,3,C,V,9,918,729.333,36.74077778,1.036089933
old,1,3,1,22,3,C,V,0,932.667,1097.333,,
old,1,3,1,22,3,C,V,3,928.667,1058.667,12.88866667,0.3634604
old,1,3,1,22,3,C,V,6,944.667,986.667,18.44433333,0.5201302
old,1,3,1,22,3,C,V,9,950,880,24.14811111,0.680976733
old,1,3,1,23,3,C,V,0,979.333,1089.333,,
old,1,3,1,23,3,C,V,3,979.333,969.333,40,1.128
old,1,3,1,23,3,C,V,6,990,858.667,38.44433333,1.0841302
old,1,3,1,23,3,C,V,9,986,770.667,35.40733333,0.9984868
old,1,3,1,24,3,C,V,0,1015.333,1101.333,,
old,1,3,1,24,3,C,V,3,1008.667,1025.333,25.33333333,0.7144
old,1,3,1,24,3,C,V,6,1015.333,936,27.5555,0.7770651
old,1,3,1,24,3,C,V,9,1019.333,852,27.70366667,0.7812434
old,2,1,1,1,3,G,IV,0,914,1060,,
old,2,1,1,1,3,G,IV,3,914,941.333,39.55566667,1.1154698
old,2,1,1,1,3,G,IV,6,908.667,842.667,36.22216667,1.0214651
old,2,1,1,1,3,G,IV,9,918,729.333,36.74077778,1.036089933
old,2,1,1,2,3,G,IV,0,932.667,1097.333,,
old,2,1,1,2,3,G,IV,3,928.667,1058.667,12.88866667,0.3634604
old,2,1,1,2,3,G,IV,6,944.667,986.667,18.44433333,0.5201302
old,2,1,1,2,3,G,IV,9,950,880,24.14811111,0.680976733
old,2,1,1,3,3,G,IV,0,979.333,1089.333,,
old,2,1,1,3,3,G,IV,3,979.333,969.333,40,1.128
old,2,1,1,3,3,G,IV,6,990,858.667,38.44433333,1.0841302
old,2,1,1,3,3,G,IV,9,986,770.667,35.40733333,0.9984868
old,2,1,1,4,3,G,IV,0,1015.333,1101.333,,
old,2,1,1,4,3,G,IV,3,1008.667,1025.333,25.33333333,0.7144
old,2,1,1,4,3,G,IV,6,1015.333,936,27.5555,0.7770651
old,2,1,1,4,3,G,IV,9,1019.333,852,27.70366667,0.7812434
old,2,1,1,5,3,G,II,0,49.334,50.209,,
old,2,1,1,5,3,G,II,3,50.666,50.946,-0.245666667,-0.0069278
old,2,1,1,5,3,G,II,6,126.666,126.729,-12.75333333,-0.359644
old,2,1,1,5,3,G,II,9,137.334,137.36,-9.683444444,-0.273073133
old,2,1,1,6,3,G,II,0,98.666,99.106,,
old,2,1,1,6,3,G,II,3,8,9.615,29.83033333,0.8412154
old,2,1,1,6,3,G,II,6,52,52.154,7.825333333,0.2206744
old,2,1,1,6,3,G,II,9,82.667,82.678,1.825333333,0.0514744
old,2,1,1,7,3,G,II,0,144,144.025,,
old,2,1,1,7,3,G,II,3,104,104.213,13.27066667,0.3742328
old,2,1,1,7,3,G,II,6,113.333,114.457,4.928,0.1389696
old,2,1,1,7,3,G,II,9,-8,9.615,14.93444444,0.421151333
old,2,1,1,8,3,G,II,0,17.333,19.09,,
old,2,1,1,8,3,G,II,3,116,116.031,-32.31366667,-0.9112454
old,2,1,1,8,3,G,II,6,48,48.166,-4.846,-0.1366572
old,2,1,1,8,3,G,II,9,49.333,49.351,-3.362333333,-0.0948178
old,2,1,1,9,3,G,V,0,93.333,93.333,,
old,2,1,1,9,3,G,V,3,17.333,18.571,24.92066667,0.7027628
old,2,1,1,9,3,G,V,6,0,17.333,12.66666667,0.3572
old,2,1,1,9,3,G,V,9,10.667,10.667,9.185111111,0.259020133
old,2,1,1,10,3,G,V,0,53.334,55.682,,
old,2,1,1,10,3,G,V,3,93.333,93.333,-12.55033333,-0.3539194
old,2,1,1,10,3,G,V,6,65.333,66.198,-1.752666667,-0.0494252
old,2,1,1,10,3,G,V,9,17.334,17.538,4.238222222,0.119517867
old,2,1,1,11,3,G,V,0,24,24.331,,
old,2,1,1,11,3,G,V,3,68,68.013,-14.56066667,-0.4106108
old,2,1,1,11,3,G,V,6,26.666,26.799,-0.411333333,-0.0115996
old,2,1,1,11,3,G,V,9,48,48.166,-2.648333333,-0.074683
old,2,1,1,12,3,G,V,0,-22.666,23.016,,
old,2,1,1,12,3,G,V,3,122.667,122.928,-33.304,-0.9391728
old,2,1,1,12,3,G,V,6,130.666,130.693,-17.94616667,-0.5060819
old,2,1,1,12,3,G,V,9,98.667,98.748,-8.414666667,-0.2372936
old,2,1,1,13,3,I,IV,0,25.333,25.368,,
old,2,1,1,13,3,I,IV,3,62.667,64.07,-12.90066667,-0.3637988
old,2,1,1,13,3,I,IV,6,58.667,59.21,-5.640333333,-0.1590574
old,2,1,1,13,3,I,IV,9,14.666,16.706,0.962444444,0.027140933
old,2,1,1,14,3,I,IV,0,81.334,81.607,,
old,2,1,1,14,3,I,IV,3,129.333,129.669,-16.02066667,-0.4517828
old,2,1,1,14,3,I,IV,6,169.333,169.522,-14.6525,-0.4132005
old,2,1,1,14,3,I,IV,9,112,112.032,-3.380555556,-0.095331667
old,2,1,1,15,3,I,IV,0,94.667,94.705,,
old,2,1,1,15,3,I,IV,3,10.667,13.334,27.12366667,0.7648874
old,2,1,1,15,3,I,IV,6,4,15.203,13.25033333,0.3736594
old,2,1,1,15,3,I,IV,9,14.666,14.726,8.886555556,0.250600867
old,2,1,1,16,3,I,IV,0,2.667,8.433,,
old,2,1,1,16,3,I,IV,3,0,9.333,-0.3,-0.00846
old,2,1,1,16,3,I,IV,6,-9.333,22.07,-2.272833333,-0.0640939
old,2,1,1,16,3,I,IV,9,82.667,83.352,-8.324333333,-0.2347462
old,2,1,1,17,3,I,II,0,56,56.016,,
old,2,1,1,17,3,I,II,3,41.333,41.867,4.716333333,0.1330006
old,2,1,1,17,3,I,II,6,13.334,13.921,7.015833333,0.1978465
old,2,1,1,17,3,I,II,9,12,17.938,4.230888889,0.119311067
old,2,1,1,18,3,I,II,0,8,8,,
old,2,1,1,18,3,I,II,3,5.333,14.36,-2.12,-0.059784
old,2,1,1,18,3,I,II,6,9.334,9.334,-0.222333333,-0.0062698
old,2,1,1,18,3,I,II,9,16,16.492,-0.943555556,-0.026608267
old,2,1,1,19,3,I,II,0,132,132.027,,
old,2,1,1,19,3,I,II,3,-114.666,117.431,4.865333333,0.1372024
old,2,1,1,19,3,I,II,6,-16,45.568,14.40983333,0.4063573
old,2,1,1,19,3,I,II,9,66.667,69.602,6.936111111,0.195598333
old,2,1,1,20,3,I,II,0,66.666,66.879,,
old,2,1,1,20,3,I,II,3,-270.666,271.063,-68.06133333,-1.9193296
old,2,1,1,20,3,I,II,6,-5.333,13.132,8.957833333,0.2526109
old,2,1,1,20,3,I,II,9,-5.334,10.751,6.236444444,0.175867733
old,2,1,1,21,3,I,V,0,73.334,90.677,,
old,2,1,1,21,3,I,V,3,44,44.181,15.49866667,0.4370624
old,2,1,1,21,3,I,V,6,50.667,51.295,6.563666667,0.1850954
old,2,1,1,21,3,I,V,9,-210.667,210.772,-13.34388889,-0.376297667
old,2,1,1,22,3,I,V,0,48,49.477,,
old,2,1,1,22,3,I,V,3,12,12,12.49233333,0.3522838
old,2,1,1,22,3,I,V,6,-137.333,137.747,-14.71166667,-0.414869
old,2,1,1,22,3,I,V,9,84,84.011,-3.837111111,-0.108206533
old,2,1,1,23,3,I,V,0,70.666,71.467,,
old,2,1,1,23,3,I,V,3,-309.333,309.979,-79.504,-2.2420128
old,2,1,1,23,3,I,V,6,50.667,50.825,3.440333333,0.0970174
old,2,1,1,23,3,I,V,9,84,84.264,-1.421888889,-0.040097267
old,2,1,1,24,3,I,V,0,-69.333,74.773,,
old,2,1,1,24,3,I,V,3,29.334,29.605,15.056,0.4245792
old,2,1,1,24,3,I,V,6,21.333,21.989,8.797333333,0.2480848
old,2,1,1,24,3,I,V,9,-161.333,163.978,-9.911666667,-0.279509
old,3,1,1,1,15,B,IV,0,184,1090,,
old,3,1,1,1,15,B,IV,3,174.667,1083.333,2.222333333,0.0626698
old,3,1,1,1,15,B,IV,6,185.333,967.333,20.4445,0.5765349
old,3,1,1,1,15,B,IV,9,177.333,874,24,0.6768
old,3,1,1,2,15,B,IV,0,216,1019.333,,
old,3,1,1,2,15,B,IV,3,225.333,907.333,37.33333333,1.0528
old,3,1,1,2,15,B,IV,6,237.333,784.667,39.111,1.1029302
old,3,1,1,2,15,B,IV,9,238.667,643.333,41.77777778,1.178133333
old,3,1,1,3,15,B,IV,0,258.667,1074,,
old,3,1,1,3,15,B,IV,3,262.667,907.333,55.55566667,1.5666698
old,3,1,1,3,15,B,IV,6,249.333,1091.333,-2.888833333,-0.0814651
old,3,1,1,3,15,B,IV,9,258.667,980.667,10.37033333,0.2924434
old,3,1,1,4,15,B,IV,0,302.667,1058,,
old,3,1,1,4,15,B,IV,3,304,950,36,1.0152
old,3,1,1,4,15,B,IV,6,309.333,852.667,34.22216667,0.9650651
old,3,1,1,4,15,B,IV,9,296,767.333,32.29633333,0.9107566
old,3,1,1,5,15,B,II,0,316,1058,,
old,3,1,1,5,15,B,II,3,306.667,952.667,35.111,0.9901302
old,3,1,1,5,15,B,II,6,306.667,850,34.66666667,0.9776
old,3,1,1,5,15,B,II,9,329.333,835.333,24.74077778,0.697689933
old,3,1,1,6,15,B,II,0,376,1079.333,,
old,3,1,1,6,15,B,II,3,377.333,946,44.44433333,1.2533302
old,3,1,1,6,15,B,II,6,374.667,808.667,45.111,1.2721302
old,3,1,1,6,15,B,II,9,365.333,698,42.37033333,1.1948434
old,3,1,1,7,15,B,II,0,409.333,1088.667,,
old,3,1,1,7,15,B,II,3,406.667,1000.667,29.33333333,0.8272
old,3,1,1,7,15,B,II,6,400,883.333,34.22233333,0.9650698
old,3,1,1,7,15,B,II,9,409.333,820.667,29.77777778,0.839733333
old,3,1,1,8,15,B,II,0,449.333,1084.667,,
old,3,1,1,8,15,B,II,3,450.667,958,42.22233333,1.1906698
old,3,1,1,8,15,B,II,6,452,880.667,34,0.9588
old,3,1,1,8,15,B,II,9,444,794,32.29633333,0.9107566
old,3,1,1,9,15,B,V,0,476,1098,,
old,3,1,1,9,15,B,V,3,473.333,974,41.33333333,1.1656
old,3,1,1,9,15,B,V,6,477.333,831.333,44.4445,1.2533349
old,3,1,1,9,15,B,V,9,474.667,704.667,43.70366667,1.2324434
old,3,1,1,10,15,B,V,0,509.333,1046,,
old,3,1,1,10,15,B,V,3,501.333,898,49.33333333,1.3912
old,3,1,1,10,15,B,V,6,529.333,743.333,50.4445,1.4225349
old,3,1,1,10,15,B,V,9,529.333,648.667,44.14811111,1.244976733
old,3,1,1,11,15,B,V,0,540,1110,,
old,3,1,1,11,15,B,V,3,552,1106,1.333333333,0.0376
old,3,1,1,11,15,B,V,6,548,1038,12,0.3384
old,3,1,1,11,15,B,V,9,545.333,924.667,20.59255556,0.580710067
old,3,1,1,12,15,B,V,0,593.333,1091.333,,
old,3,1,1,12,15,B,V,3,593.333,1030,20.44433333,0.5765302
old,3,1,1,12,15,B,V,6,594.667,974,19.5555,0.5514651
old,3,1,1,12,15,B,V,9,586.667,1112.667,-2.370444444,-0.066846533
old,3,1,1,13,15,C,IV,0,629.333,1043.333,,
old,3,1,1,13,15,C,IV,3,628,956.667,28.88866667,0.8146604
old,3,1,1,13,15,C,IV,6,622.667,823.333,36.66666667,1.034
old,3,1,1,13,15,C,IV,9,618.667,680.667,40.29622222,1.136353467
old,3,1,1,14,15,C,IV,0,657.333,1102,,
old,3,1,1,14,15,C,IV,3,652,976.667,41.77766667,1.1781302
old,3,1,1,14,15,C,IV,6,656,871.333,38.4445,1.0841349
old,3,1,1,14,15,C,IV,9,654.667,767.333,37.18522222,1.048623267
old,3,1,1,15,15,C,IV,0,697.333,1096.667,,
old,3,1,1,15,15,C,IV,3,694.667,963.333,44.44466667,1.2533396
old,3,1,1,15,15,C,IV,6,704,854,40.4445,1.1405349
old,3,1,1,15,15,C,IV,9,706.667,752.667,38.22222222,1.077866667
old,3,1,1,16,15,C,IV,0,720,1022,,
old,3,1,1,16,15,C,IV,3,738.667,860.667,53.77766667,1.5165302
old,3,1,1,16,15,C,IV,6,733.333,723.333,49.77783333,1.4037349
old,3,1,1,16,15,C,IV,9,722.667,602,46.66666667,1.316
old,3,1,1,17,15,C,II,0,758.667,1112.667,,
old,3,1,1,17,15,C,II,3,754.667,1056.667,18.66666667,0.5264
old,3,1,1,17,15,C,II,6,762.667,976.667,22.66666667,0.6392
old,3,1,1,17,15,C,II,9,778.667,880.667,25.77777778,0.726933333
old,3,1,1,18,15,C,II,0,805.333,1111.333,,
old,3,1,1,18,15,C,II,3,806.667,950,53.77766667,1.5165302
old,3,1,1,18,15,C,II,6,804,814,49.5555,1.3974651
old,3,1,1,18,15,C,II,9,804,671.333,48.88888889,1.378666667
old,3,1,1,19,15,C,II,0,822.667,1090,,
old,3,1,1,19,15,C,II,3,824,982,36,1.0152
old,3,1,1,19,15,C,II,6,821.333,875.333,35.77783333,1.0089349
old,3,1,1,19,15,C,II,9,828,856.667,25.92588889,0.731110067
old,3,1,1,20,15,C,II,0,842.667,1108.667,,
old,3,1,1,20,15,C,II,3,836,1095.333,4.444666667,0.1253396
old,3,1,1,20,15,C,II,6,834.667,1104.667,0.666666667,0.0188
old,3,1,1,20,15,C,II,9,834.667,1102,0.740777778,0.020889933
old,3,1,1,21,15,C,V,0,908,1063.333,,
old,3,1,1,21,15,C,V,3,913.333,940.667,40.88866667,1.1530604
old,3,1,1,21,15,C,V,6,914.667,839.333,37.33333333,1.0528
old,3,1,1,21,15,C,V,9,917.333,726,37.48144444,1.056976733
old,3,1,1,22,15,C,V,0,937.333,1094,,
old,3,1,1,22,15,C,V,3,928,1062,10.66666667,0.3008
old,3,1,1,22,15,C,V,6,944,976.667,19.5555,0.5514651
old,3,1,1,22,15,C,V,9,949.333,884.667,23.25922222,0.655910067
old,3,1,1,23,15,C,V,0,973.333,1086,,
old,3,1,1,23,15,C,V,3,978.667,970,38.66666667,1.0904
old,3,1,1,23,15,C,V,6,986.667,860.667,37.5555,1.0590651
old,3,1,1,23,15,C,V,9,986.667,772.667,34.81477778,0.981776733
old,3,1,1,24,15,C,V,0,1014.667,1099.333,,
old,3,1,1,24,15,C,V,3,1005.333,1027.333,24,0.6768
old,3,1,1,24,15,C,V,6,1013.333,940.667,26.44433333,0.7457302
old,3,1,1,24,15,C,V,9,1021.333,848.667,27.85177778,0.785420133
old,10,1,2,1,15,G,IV,0,168.667,1092,,
old,10,1,2,1,15,G,IV,3,180.667,1088,1.333333333,0.0376
old,10,1,2,1,15,G,IV,6,170,1084,1.333333333,0.0376
old,10,1,2,1,15,G,IV,9,180.667,1078.667,1.481444444,0.041776733
old,10,1,2,2,15,G,IV,0,202,1069.333,,
old,10,1,2,2,15,G,IV,3,214,1013.333,18.66666667,0.5264
old,10,1,2,2,15,G,IV,6,220.667,930.667,23.111,0.6517302
old,10,1,2,2,15,G,IV,9,223.333,864,22.81477778,0.643376733
old,10,1,2,3,15,G,IV,0,238,1097.333,,
old,10,1,2,3,15,G,IV,3,246,1050.667,15.55533333,0.4386604
old,10,1,2,3,15,G,IV,6,255.333,970.667,21.111,0.5953302
old,10,1,2,3,15,G,IV,9,262,902.667,21.62955556,0.609953467
old,10,1,2,4,15,G,IV,0,287.333,1094.667,,
old,10,1,2,4,15,G,IV,3,271.333,1086.667,2.666666667,0.0752
old,10,1,2,4,15,G,IV,6,275.333,1098.667,-0.666666667,-0.0188
old,10,1,2,4,15,G,IV,9,279.333,1089.333,0.592666667,0.0167132
old,10,1,2,5,15,G,II,0,318.333,1067.667,,
old,10,1,2,5,15,G,II,3,331.667,935.667,44,1.2408
old,10,1,2,5,15,G,II,6,333,823.667,40.66666667,1.1468
old,10,1,2,5,15,G,II,9,337,713,39.40744444,1.111289933
old,10,1,2,6,15,G,II,0,359.667,1091.667,,
old,10,1,2,6,15,G,II,3,353,970.333,40.44466667,1.1405396
old,10,1,2,6,15,G,II,6,355.667,830.333,43.55566667,1.2282698
old,10,1,2,6,15,G,II,9,353,698.333,43.70377778,1.232446533
old,10,1,2,7,15,G,II,0,403.667,1069,,
old,10,1,2,7,15,G,II,3,402.333,986.333,27.55566667,0.7770698
old,10,1,2,7,15,G,II,6,406.333,926.333,23.77783333,0.6705349
old,10,1,2,7,15,G,II,9,407.667,863.667,22.81477778,0.643376733
old,10,1,2,8,15,G,II,0,419.667,1078.333,,
old,10,1,2,8,15,G,II,3,433,1061,5.777666667,0.1629302
old,10,1,2,8,15,G,II,6,434.333,1070.333,1.333333333,0.0376
old,10,1,2,8,15,G,II,9,423.667,1066.333,1.333333333,0.0376
old,10,1,2,9,15,G,V,0,462.333,1097,,
old,10,1,2,9,15,G,V,3,453,1063.667,11.111,0.3133302
old,10,1,2,9,15,G,V,6,465,993,17.33333333,0.4888
old,10,1,2,9,15,G,V,9,465,871.667,25.037,0.7060434
old,10,1,2,10,15,G,V,0,491.667,1083.667,,
old,10,1,2,10,15,G,V,3,499.667,1081,0.889,0.0250698
old,10,1,2,10,15,G,V,6,490.333,1043.667,6.666666667,0.188
old,10,1,2,10,15,G,V,9,487.667,977,11.85188889,0.334223267
old,10,1,2,11,15,G,V,0,533,1095.667,,
old,10,1,2,11,15,G,V,3,527.667,1083.667,4,0.1128
old,10,1,2,11,15,G,V,6,523.667,1097,-0.222166667,-0.0062651
old,10,1,2,11,15,G,V,9,535.667,1101,-0.592555556,-0.016710067
old,10,1,2,12,15,G,V,0,577,1051.667,,
old,10,1,2,12,15,G,V,3,581,954.333,32.44466667,0.9149396
old,10,1,2,12,15,G,V,6,586.333,893,26.4445,0.7457349
old,10,1,2,12,15,G,V,9,586.333,827.667,24.88888889,0.701866667
old,10,1,2,13,15,I,IV,0,609,1074.333,,
old,10,1,2,13,15,I,IV,3,601,973,33.77766667,0.9525302
old,10,1,2,13,15,I,IV,6,602.333,869,34.22216667,0.9650651
old,10,1,2,13,15,I,IV,9,605,765,34.37033333,0.9692434
old,10,1,2,14,15,I,IV,0,645,1081,,
old,10,1,2,14,15,I,IV,3,637,977,34.66666667,0.9776
old,10,1,2,14,15,I,IV,6,646.333,862.333,36.4445,1.0277349
old,10,1,2,14,15,I,IV,9,645,741,37.77777778,1.065333333
old,10,1,2,15,15,I,IV,0,670.333,1101,,
old,10,1,2,15,15,I,IV,3,682.333,1075.667,8.444333333,0.2381302
old,10,1,2,15,15,I,IV,6,687.667,967.667,22.22216667,0.6266651
old,10,1,2,15,15,I,IV,9,685,871.667,25.48144444,0.718576733
old,10,1,2,16,15,I,IV,0,703.667,1062.333,,
old,10,1,2,16,15,I,IV,3,721,975.667,28.88866667,0.8146604
old,10,1,2,16,15,I,IV,6,710.333,885,29.5555,0.8334651
old,10,1,2,16,15,I,IV,9,713,777,31.70366667,0.8940434
old,10,1,2,17,15,I,II,0,739.667,1110.333,,
old,10,1,2,17,15,I,II,3,757,1105,1.777666667,0.0501302
old,10,1,2,17,15,I,II,6,753,1114.333,-0.666666667,-0.0188
old,10,1,2,17,15,I,II,9,747.667,1101,1.037,0.0292434
old,10,1,2,18,15,I,II,0,782.333,1122.333,,
old,10,1,2,18,15,I,II,3,793,1121,0.444333333,0.0125302
old,10,1,2,18,15,I,II,6,790.333,1111.667,1.777666667,0.0501302
old,10,1,2,18,15,I,II,9,778.333,1114.333,0.888888889,0.025066667
old,10,1,2,19,15,I,II,0,810.333,1119.667,,
old,10,1,2,19,15,I,II,3,827.667,1118.333,0.444666667,0.0125396
old,10,1,2,19,15,I,II,6,819.667,1115.667,0.666666667,0.0188
old,10,1,2,19,15,I,II,9,823.667,1126.333,-0.740666667,-0.0208868
old,10,1,2,20,15,I,II,0,853,1103.667,,
old,10,1,2,20,15,I,II,3,869,1099.667,1.333333333,0.0376
old,10,1,2,20,15,I,II,6,867.667,1111.667,-1.333333333,-0.0376
old,10,1,2,20,15,I,II,9,859.667,1094.333,1.037111111,0.029246533
old,10,1,2,21,15,I,V,0,890.667,1098.333,,
old,10,1,2,21,15,I,V,3,904,1073,8.444333333,0.2381302
old,10,1,2,21,15,I,V,6,904,991.667,17.77766667,0.5013302
old,10,1,2,21,15,I,V,9,904,910.333,20.88888889,0.589066667
old,10,1,2,22,15,I,V,0,929.333,1045,,
old,10,1,2,22,15,I,V,3,938.667,966.333,26.22233333,0.7394698
old,10,1,2,22,15,I,V,6,944,897,24.66666667,0.6956
old,10,1,2,22,15,I,V,9,944,827.667,24.14811111,0.680976733
old,10,1,2,23,15,I,V,0,960,1085,,
old,10,1,2,23,15,I,V,3,962.667,991.667,31.111,0.8773302
old,10,1,2,23,15,I,V,6,965.333,915.667,28.22216667,0.7958651
old,10,1,2,23,15,I,V,9,972,830.333,28.29633333,0.7979566
old,10,1,2,24,15,I,V,0,996,1097,,
old,10,1,2,24,15,I,V,3,1002.667,1029,22.66666667,0.6392
old,10,1,2,24,15,I,V,6,1010.667,969,21.33333333,0.6016
old,10,1,2,24,15,I,V,9,1016,918.333,19.85188889,0.559823267
old,11,1,2,1,19,B,IV,0,188,1088,,
old,11,1,2,1,19,B,IV,3,185.333,1018.667,23.111,0.6517302
old,11,1,2,1,19,B,IV,6,181.333,958.667,21.5555,0.6078651
old,11,1,2,1,19,B,IV,9,178.667,917.333,18.963,0.5347566
old,11,1,2,2,19,B,IV,0,226.667,1057.333,,
old,11,1,2,2,19,B,IV,3,230.667,961.333,32,0.9024
old,11,1,2,2,19,B,IV,6,230.667,865.333,32,0.9024
old,11,1,2,2,19,B,IV,9,221.333,781.333,30.66666667,0.8648
old,11,1,2,3,19,B,IV,0,254.667,1056,,
old,11,1,2,3,19,B,IV,3,249.333,1009.333,15.55566667,0.4386698
old,11,1,2,3,19,B,IV,6,265.333,956,16.66666667,0.47
old,11,1,2,3,19,B,IV,9,261.333,908,16.44444444,0.463733333
old,11,1,2,4,19,B,IV,0,288,1062.667,,
old,11,1,2,4,19,B,IV,3,298.667,945.333,39.11133333,1.1029396
old,11,1,2,4,19,B,IV,6,305.333,828,39.11116667,1.1029349
old,11,1,2,4,19,B,IV,9,309.333,706.667,39.55555556,1.115466667
old,11,1,2,5,19,B,II,0,336,1106.667,,
old,11,1,2,5,19,B,II,3,338.667,1020,28.889,0.8146698
old,11,1,2,5,19,B,II,6,340,936,28.4445,0.8021349
old,11,1,2,5,19,B,II,9,341.333,858.667,27.55555556,0.777066667
old,11,1,2,6,19,B,II,0,368,989.333,,
old,11,1,2,6,19,B,II,3,372,868,40.44433333,1.1405302
old,11,1,2,6,19,B,II,6,369.333,752,39.5555,1.1154651
old,11,1,2,6,19,B,II,9,373.333,642.667,38.51844444,1.086220133
old,11,1,2,7,19,B,II,0,414.667,1066.667,,
old,11,1,2,7,19,B,II,3,414.667,964,34.22233333,0.9650698
old,11,1,2,7,19,B,II,6,420,865.333,33.55566667,0.9462698
old,11,1,2,7,19,B,II,9,421.333,768,33.18522222,0.935823267
old,11,1,2,8,19,B,II,0,445.333,1044,,
old,11,1,2,8,19,B,II,3,448,934.667,36.44433333,1.0277302
old,11,1,2,8,19,B,II,6,449.333,838.667,34.22216667,0.9650651
old,11,1,2,8,19,B,II,9,454.667,737.333,34.07411111,0.960889933
old,11,1,2,9,19,B,V,0,465.333,1038.667,,
old,11,1,2,9,19,B,V,3,477.333,936,34.22233333,0.9650698
old,11,1,2,9,19,B,V,6,474.667,820,36.4445,1.0277349
old,11,1,2,9,19,B,V,9,480,702.667,37.33333333,1.0528
old,11,1,2,10,19,B,V,0,520,1048,,
old,11,1,2,10,19,B,V,3,518.667,940,36,1.0152
old,11,1,2,10,19,B,V,6,517.333,842.667,34.22216667,0.9650651
old,11,1,2,10,19,B,V,9,517.333,749.333,33.18522222,0.935823267
old,11,1,2,11,19,B,V,0,538.667,1045.333,,
old,11,1,2,11,19,B,V,3,557.333,937.333,36,1.0152
old,11,1,2,11,19,B,V,6,560,857.333,31.33333333,0.8836
old,11,1,2,11,19,B,V,9,566.667,774.667,30.074,0.8480868
old,11,1,2,12,19,B,V,0,585.333,1053.333,,
old,11,1,2,12,19,B,V,3,584,924,43.111,1.2157302
old,11,1,2,12,19,B,V,6,589.333,814.667,39.77766667,1.1217302
old,11,1,2,12,19,B,V,9,588,718.667,37.18511111,1.048620133
old,11,1,2,13,19,C,IV,0,606.667,1104,,
old,11,1,2,13,19,C,IV,3,622.667,1024,26.66666667,0.752
old,11,1,2,13,19,C,IV,6,625.333,902.667,33.5555,0.9462651
old,11,1,2,13,19,C,IV,9,625.333,792,34.66666667,0.9776
old,11,1,2,14,19,C,IV,0,646.667,1037.333,,
old,11,1,2,14,19,C,IV,3,658.667,937.333,33.33333333,0.94
old,11,1,2,14,19,C,IV,6,664,825.333,35.33333333,0.9964
old,11,1,2,14,19,C,IV,9,664,730.667,34.074,0.9608868
old,11,1,2,15,19,C,IV,0,696,1081.333,,
old,11,1,2,15,19,C,IV,3,697.333,1008,24.44433333,0.6893302
old,11,1,2,15,19,C,IV,6,700,958.667,20.44433333,0.5765302
old,11,1,2,15,19,C,IV,9,693.333,906.667,19.40733333,0.5472868
old,11,1,2,16,19,C,IV,0,726.667,1073.333,,
old,11,1,2,16,19,C,IV,3,726.667,997.333,25.33333333,0.7144
old,11,1,2,16,19,C,IV,6,730.667,924,24.88883333,0.7018651
old,11,1,2,16,19,C,IV,9,729.333,853.333,24.44444444,0.689333333
old,11,1,2,17,19,C,II,0,756,1039.667,,
old,11,1,2,17,19,C,II,3,761.333,910.333,43.11133333,1.2157396
old,11,1,2,17,19,C,II,6,764,817,37.11116667,1.0465349
old,11,1,2,17,19,C,II,9,768,733,34.07411111,0.960889933
old,11,1,2,18,19,C,II,0,785.333,1077,,
old,11,1,2,18,19,C,II,3,789.333,997,26.66666667,0.752
old,11,1,2,18,19,C,II,6,790.667,882.333,32.4445,0.9149349
old,11,1,2,18,19,C,II,9,790.667,783.667,32.59255556,0.919110067
old,11,1,2,19,19,C,II,0,829.333,1062.333,,
old,11,1,2,19,19,C,II,3,829.333,955.667,35.55533333,1.0026604
old,11,1,2,19,19,C,II,6,829.333,843.667,36.44433333,1.0277302
old,11,1,2,19,19,C,II,9,825.333,749,34.81477778,0.981776733
old,11,1,2,20,19,C,II,0,872,1099.667,,
old,11,1,2,20,19,C,II,3,864,927.667,57.33333333,1.6168
old,11,1,2,20,19,C,II,6,882.667,794.333,50.889,1.4350698
old,11,1,2,20,19,C,II,9,870.667,691.667,45.33333333,1.2784
old,11,1,2,21,19,C,V,0,901.333,1013,,
old,11,1,2,21,19,C,V,3,909.333,881,44,1.2408
old,11,1,2,21,19,C,V,6,914.667,783.667,38.22216667,1.0778651
old,11,1,2,21,19,C,V,9,916,697,35.11111111,0.990133333
old,11,1,2,22,19,C,V,0,926.667,1039.667,,
old,11,1,2,22,19,C,V,3,940,974.333,21.778,0.6141396
old,11,1,2,22,19,C,V,6,942.667,911.667,21.33333333,0.6016
old,11,1,2,22,19,C,V,9,940,851.667,20.88888889,0.589066667
old,11,1,2,23,19,C,V,0,965.333,1062.333,,
old,11,1,2,23,19,C,V,3,964,985,25.77766667,0.7269302
old,11,1,2,23,19,C,V,6,966.667,910.333,25.33333333,0.7144
old,11,1,2,23,19,C,V,9,965.333,839.667,24.74066667,0.6976868
old,11,1,2,24,19,C,V,0,1014.667,1086.333,,
old,11,1,2,24,19,C,V,3,1017.333,1033,17.77766667,0.5013302
old,11,1,2,24,19,C,V,6,1004,975.667,18.44433333,0.5201302
old,11,1,2,24,19,C,V,9,1001.333,905,20.14811111,0.568176733
old,12,1,2,1,19,G,IV,0,180.333,1099,,
old,12,1,2,1,19,G,IV,3,185.667,1107,-2.666666667,-0.0752
old,12,1,2,1,19,G,IV,6,188.333,1031,11.33333333,0.3196
old,12,1,2,1,19,G,IV,9,192.333,965.667,14.81477778,0.417776733
old,12,1,2,2,19,G,IV,0,208.333,1081.667,,
old,12,1,2,2,19,G,IV,3,211,936.333,48.44466667,1.3661396
old,12,1,2,2,19,G,IV,6,219,811,45.11116667,1.2721349
old,12,1,2,2,19,G,IV,9,233.667,685.667,44,1.2408
old,12,1,2,3,19,G,IV,0,245.667,1115,,
old,12,1,2,3,19,G,IV,3,260.333,971,48,1.3536
old,12,1,2,3,19,G,IV,6,267,831,47.33333333,1.3348
old,12,1,2,3,19,G,IV,9,268.333,709.667,45.037,1.2700434
old,12,1,2,4,19,G,IV,0,279,1040.333,,
old,12,1,2,4,19,G,IV,3,296.333,868.333,57.33333333,1.6168
old,12,1,2,4,19,G,IV,6,289.667,741.667,49.77766667,1.4037302
old,12,1,2,4,19,G,IV,9,301.667,617.667,46.96288889,1.324353467
old,12,1,2,5,19,G,II,0,324.333,1105.667,,
old,12,1,2,5,19,G,II,3,313.667,1011,31.55566667,0.8898698
old,12,1,2,5,19,G,II,6,328.333,953.667,25.33333333,0.7144
old,12,1,2,5,19,G,II,9,328.333,797.667,34.22222222,0.965066667
old,12,1,2,6,19,G,II,0,364.333,1111,,
old,12,1,2,6,19,G,II,3,363,1061.667,16.44433333,0.4637302
old,12,1,2,6,19,G,II,6,355,943,28,0.7896
old,12,1,2,6,19,G,II,9,371,868.333,26.963,0.7603566
old,12,1,2,7,19,G,II,0,383,1100.333,,
old,12,1,2,7,19,G,II,3,396.333,951,49.77766667,1.4037302
old,12,1,2,7,19,G,II,6,409.667,819,46.88883333,1.3222651
old,12,1,2,7,19,G,II,9,415,681.667,46.51844444,1.311820133
old,12,1,2,8,19,G,II,0,415,1112.333,,
old,12,1,2,8,19,G,II,3,409.667,1047,21.77766667,0.6141302
old,12,1,2,8,19,G,II,6,409.667,819,48.88883333,1.3786651
old,12,1,2,8,19,G,II,9,413.667,681.667,47.85177778,1.349420133
old,12,1,2,9,19,G,V,0,469.667,1064.333,,
old,12,1,2,9,19,G,V,3,475,883,60.44433333,1.7045302
old,12,1,2,9,19,G,V,6,485.667,717.667,57.77766667,1.6293302
old,12,1,2,9,19,G,V,9,476.333,579,53.92588889,1.520710067
old,12,1,2,10,19,G,V,0,501.667,1107,,
old,12,1,2,10,19,G,V,3,497.667,1007,33.33333333,0.94
old,12,1,2,10,19,G,V,6,487,721.667,64.22216667,1.8110651
old,12,1,2,10,19,G,V,9,511,701.667,45.037,1.2700434
old,12,1,2,11,19,G,V,0,543,1040.333,,
old,12,1,2,11,19,G,V,3,540.333,871,56.44433333,1.5917302
old,12,1,2,11,19,G,V,6,543,715,54.22216667,1.5290651
old,12,1,2,11,19,G,V,9,555,561.667,53.18511111,1.499820133
old,12,1,2,12,19,G,V,0,572.333,1107,,
old,12,1,2,12,19,G,V,3,559,1108.333,-0.444333333,-0.0125302
old,12,1,2,12,19,G,V,6,567,1057.667,8.222166667,0.2318651
old,12,1,2,12,19,G,V,9,577.667,1037.667,7.703666667,0.2172434
old,12,1,2,13,19,I,IV,0,605.667,1109.667,,
old,12,1,2,13,19,I,IV,3,603,1028.333,27.11133333,0.7645396
old,12,1,2,13,19,I,IV,6,624.333,880.333,38.22233333,1.0778698
old,12,1,2,13,19,I,IV,9,617.667,752.333,39.70377778,1.119646533
old,12,1,2,14,19,I,IV,0,644.333,1108.333,,
old,12,1,2,14,19,I,IV,3,648.333,1071,12.44433333,0.3509302
old,12,1,2,14,19,I,IV,6,651,980.333,21.33333333,0.6016
old,12,1,2,14,19,I,IV,9,651,884.333,24.88888889,0.701866667
old,12,1,2,15,19,I,IV,0,681.667,1133.667,,
old,12,1,2,15,19,I,IV,3,661.667,1089.667,14.66666667,0.4136
old,12,1,2,15,19,I,IV,6,680.333,1039,15.77783333,0.4449349
old,12,1,2,15,19,I,IV,9,684.333,963,18.963,0.5347566
old,12,1,2,16,19,I,IV,0,709.667,1117.667,,
old,12,1,2,16,19,I,IV,3,703,1073.667,14.66666667,0.4136
old,12,1,2,16,19,I,IV,6,712.333,1035,13.77783333,0.3885349
old,12,1,2,16,19,I,IV,9,707,1007,12.29633333,0.3467566
old,12,1,2,17,19,I,II,0,741.667,1115,,
old,12,1,2,17,19,I,II,3,749.667,897.667,72.44433333,2.0429302
old,12,1,2,17,19,I,II,6,752.333,779,56,1.5792
old,12,1,2,17,19,I,II,9,753.667,647,52,1.4664
old,12,1,2,18,19,I,II,0,791,1068.333,,
old,12,1,2,18,19,I,II,3,796.333,908.333,53.33333333,1.504
old,12,1,2,18,19,I,II,6,796.333,791,46.22216667,1.3034651
old,12,1,2,18,19,I,II,9,803,669.667,44.29622222,1.249153467
old,12,1,2,19,19,I,II,0,812.333,1075,,
old,12,1,2,19,19,I,II,3,820.333,949.667,41.77766667,1.1781302
old,12,1,2,19,19,I,II,6,831,828.333,41.11116667,1.1593349
old,12,1,2,19,19,I,II,9,859,797.667,30.81477778,0.868976733
old,12,1,2,20,19,I,II,0,847,1117.667,,
old,12,1,2,20,19,I,II,3,840.333,973.667,48,1.3536
old,12,1,2,20,19,I,II,6,863,897.667,36.66666667,1.034
old,12,1,2,20,19,I,II,9,857.667,792.333,36.14822222,1.019379867
old,12,1,2,21,19,I,V,0,893.333,1125,,
old,12,1,2,21,19,I,V,3,885.333,1114.333,3.555666667,0.1002698
old,12,1,2,21,19,I,V,6,890.667,1065,10,0.282
old,12,1,2,21,19,I,V,9,889.333,971.667,17.037,0.4804434
old,12,1,2,22,19,I,V,0,921.333,1135.667,,
old,12,1,2,22,19,I,V,3,930.667,1135.667,0,0
old,12,1,2,22,19,I,V,6,922.667,1038.333,16.22233333,0.4574698
old,12,1,2,22,19,I,V,9,925.333,1134.333,0.148222222,0.004179867
old,12,1,2,23,19,I,V,0,948,1127.667,,
old,12,1,2,23,19,I,V,3,960,1119.667,2.666666667,0.0752
old,12,1,2,23,19,I,V,6,950.667,1109,3.111166667,0.0877349
old,12,1,2,23,19,I,V,9,962.667,1121,0.740777778,0.020889933
old,12,1,2,24,19,I,V,0,982.667,1113,,
old,12,1,2,24,19,I,V,3,990.667,1107.667,1.777666667,0.0501302
old,12,1,2,24,19,I,V,6,1002.667,1043.667,11.5555,0.3258651
old,12,1,2,24,19,I,V,9,990.667,985,14.22222222,0.401066667